source,method,n_pred,n_gold,P,R,F1
AH_TVN,B1 pdftotext+regex,79,78,0.949,0.962,0.955
AH_TVN,B2 layout+regex,79,78,0.949,0.962,0.955
AH_TVN,Ours,78,78,1.0,1.0,1.0
AH_DVN,B1 pdftotext+regex,66,55,0.773,0.927,0.843
AH_DVN,B2 layout+regex,66,55,0.773,0.927,0.843
AH_DVN,Ours,55,55,1.0,1.0,1.0
AH_DVD,B1 pdftotext+regex,49,37,0.694,0.919,0.791
AH_DVD,B2 layout+regex,37,37,0.973,0.973,0.973
AH_DVD,Ours,37,37,1.0,1.0,1.0
AH_CA,B1 pdftotext+regex,33,33,1.0,1.0,1.0
AH_CA,B2 layout+regex,33,33,1.0,1.0,1.0
AH_CA,Ours,33,33,1.0,1.0,1.0
AH_NL,B1 pdftotext+regex,14,14,1.0,1.0,1.0
AH_NL,B2 layout+regex,14,14,1.0,1.0,1.0
AH_NL,Ours,14,14,1.0,1.0,1.0
IALY_CA,B1 pdftotext+regex,109,109,0.991,0.991,0.991
IALY_CA,B2 layout+regex,109,109,0.991,0.991,0.991
IALY_CA,Ours,109,109,1.0,1.0,1.0
BH_DVD,B1 pdftotext+regex,71,71,0.986,0.986,0.986
BH_DVD,B2 layout+regex,71,71,0.986,0.986,0.986
BH_DVD,Ours,71,71,1.0,1.0,1.0
