source,rank,damaged,repaired
AH_DVN,order,Arce inida,Arcellinida
AH_DVN,order,F scu ariaceae,Flosculariaceae
AH_DVN,order,An da,
AH_DVN,order,Ca an ida,Calanoida
AH_DVN,order,Cyc ida,Cyclopoida
AH_DVN,order,P d c ida,Podocopida
AH_DVN,family,Diff ugiidae,Difflugiidae
AH_DVN,family,Phi dinidae,Philodinidae
AH_DVN,family,Testudine idae,Testudinellidae
AH_DVN,family,Tr ch s haeridae,Trochosphaeridae
AH_DVN,family,As anchnidae,Asplanchnidae
AH_DVN,family,Brachi nidae,Brachionidae
AH_DVN,family,Euch anidae,Euchlanidae
AH_DVN,family,Trich cercidae,Trichocercidae
AH_DVN,family,Trich triidae,Trichotriidae
AH_DVN,family,Chyd ridae,Chydoridae
AH_DVN,family,Da hniidae,Daphniidae
AH_DVN,family,Macr thricidae,
AH_DVN,family,M inidae,Moinidae
AH_DVN,family,Dia t idae,Diaptomidae
AH_DVN,family,Pseud dia t idae,Pseudodiaptomidae
AH_DVN,family,Cyc idae,Cyclopidae
AH_DVN,family,Cy rididae,Cyprididae
AH_TVN,order,Trebouxiophyceae ordo incertae sedis,
AH_TVN,family,Trebouxiophyceae incertae sedis,
