source,idx,site,present
AH_TVN,1,M1,True
AH_TVN,1,M2,True
AH_TVN,1,M3,True
AH_TVN,1,M4,True
AH_TVN,1,M5,True
AH_TVN,1,M6,True
AH_TVN,1,M7,True
AH_TVN,1,M8,True
AH_TVN,1,M9,True
AH_TVN,1,M10,True
AH_TVN,2,M1,True
AH_TVN,2,M2,True
AH_TVN,2,M3,True
AH_TVN,2,M4,True
AH_TVN,2,M5,True
AH_TVN,2,M6,True
AH_TVN,2,M7,True
AH_TVN,2,M8,True
AH_TVN,2,M9,True
AH_TVN,2,M10,True
AH_TVN,3,M1,True
AH_TVN,3,M2,True
AH_TVN,3,M3,True
AH_TVN,3,M4,True
AH_TVN,3,M5,True
AH_TVN,3,M6,True
AH_TVN,3,M7,True
AH_TVN,3,M8,True
AH_TVN,3,M9,True
AH_TVN,3,M10,True
AH_TVN,4,M1,False
AH_TVN,4,M2,False
AH_TVN,4,M3,False
AH_TVN,4,M4,False
AH_TVN,4,M5,False
AH_TVN,4,M6,False
AH_TVN,4,M7,False
AH_TVN,4,M8,True
AH_TVN,4,M9,False
AH_TVN,4,M10,False
AH_TVN,5,M1,True
AH_TVN,5,M2,True
AH_TVN,5,M3,True
AH_TVN,5,M4,True
AH_TVN,5,M5,True
AH_TVN,5,M6,True
AH_TVN,5,M7,True
AH_TVN,5,M8,True
AH_TVN,5,M9,True
AH_TVN,5,M10,True
AH_TVN,6,M1,True
AH_TVN,6,M2,True
AH_TVN,6,M3,True
AH_TVN,6,M4,True
AH_TVN,6,M5,True
AH_TVN,6,M6,True
AH_TVN,6,M7,True
AH_TVN,6,M8,True
AH_TVN,6,M9,True
AH_TVN,6,M10,True
AH_TVN,7,M1,False
AH_TVN,7,M2,False
AH_TVN,7,M3,False
AH_TVN,7,M4,False
AH_TVN,7,M5,True
AH_TVN,7,M6,False
AH_TVN,7,M7,False
AH_TVN,7,M8,False
AH_TVN,7,M9,False
AH_TVN,7,M10,False
AH_TVN,8,M1,False
AH_TVN,8,M2,False
AH_TVN,8,M3,False
AH_TVN,8,M4,False
AH_TVN,8,M5,False
AH_TVN,8,M6,False
AH_TVN,8,M7,False
AH_TVN,8,M8,False
AH_TVN,8,M9,True
AH_TVN,8,M10,False
AH_TVN,9,M1,True
AH_TVN,9,M2,True
AH_TVN,9,M3,True
AH_TVN,9,M4,False
AH_TVN,9,M5,True
AH_TVN,9,M6,True
AH_TVN,9,M7,True
AH_TVN,9,M8,True
AH_TVN,9,M9,True
AH_TVN,9,M10,True
AH_TVN,10,M1,True
AH_TVN,10,M2,True
AH_TVN,10,M3,True
AH_TVN,10,M4,True
AH_TVN,10,M5,True
AH_TVN,10,M6,True
AH_TVN,10,M7,True
AH_TVN,10,M8,True
AH_TVN,10,M9,True
AH_TVN,10,M10,True
AH_TVN,11,M1,False
AH_TVN,11,M2,True
AH_TVN,11,M3,False
AH_TVN,11,M4,False
AH_TVN,11,M5,False
AH_TVN,11,M6,False
AH_TVN,11,M7,False
AH_TVN,11,M8,False
AH_TVN,11,M9,False
AH_TVN,11,M10,False
AH_TVN,12,M1,True
AH_TVN,12,M2,True
AH_TVN,12,M3,True
AH_TVN,12,M4,True
AH_TVN,12,M5,True
AH_TVN,12,M6,True
AH_TVN,12,M7,True
AH_TVN,12,M8,True
AH_TVN,12,M9,True
AH_TVN,12,M10,True
AH_TVN,13,M1,True
AH_TVN,13,M2,True
AH_TVN,13,M3,True
AH_TVN,13,M4,True
AH_TVN,13,M5,True
AH_TVN,13,M6,True
AH_TVN,13,M7,True
AH_TVN,13,M8,True
AH_TVN,13,M9,True
AH_TVN,13,M10,True
AH_TVN,14,M1,False
AH_TVN,14,M2,False
AH_TVN,14,M3,False
AH_TVN,14,M4,False
AH_TVN,14,M5,True
AH_TVN,14,M6,True
AH_TVN,14,M7,True
AH_TVN,14,M8,True
AH_TVN,14,M9,True
AH_TVN,14,M10,True
AH_TVN,15,M1,False
AH_TVN,15,M2,False
AH_TVN,15,M3,False
AH_TVN,15,M4,False
AH_TVN,15,M5,False
AH_TVN,15,M6,False
AH_TVN,15,M7,True
AH_TVN,15,M8,False
AH_TVN,15,M9,False
AH_TVN,15,M10,False
AH_TVN,16,M1,True
AH_TVN,16,M2,True
AH_TVN,16,M3,True
AH_TVN,16,M4,True
AH_TVN,16,M5,True
AH_TVN,16,M6,True
AH_TVN,16,M7,True
AH_TVN,16,M8,True
AH_TVN,16,M9,True
AH_TVN,16,M10,True
AH_TVN,17,M1,True
AH_TVN,17,M2,True
AH_TVN,17,M3,True
AH_TVN,17,M4,True
AH_TVN,17,M5,True
AH_TVN,17,M6,True
AH_TVN,17,M7,True
AH_TVN,17,M8,True
AH_TVN,17,M9,True
AH_TVN,17,M10,True
AH_TVN,18,M1,True
AH_TVN,18,M2,True
AH_TVN,18,M3,True
AH_TVN,18,M4,True
AH_TVN,18,M5,True
AH_TVN,18,M6,True
AH_TVN,18,M7,True
AH_TVN,18,M8,True
AH_TVN,18,M9,True
AH_TVN,18,M10,True
AH_TVN,19,M1,False
AH_TVN,19,M2,False
AH_TVN,19,M3,True
AH_TVN,19,M4,True
AH_TVN,19,M5,True
AH_TVN,19,M6,True
AH_TVN,19,M7,False
AH_TVN,19,M8,True
AH_TVN,19,M9,True
AH_TVN,19,M10,True
AH_TVN,20,M1,False
AH_TVN,20,M2,False
AH_TVN,20,M3,False
AH_TVN,20,M4,False
AH_TVN,20,M5,False
AH_TVN,20,M6,False
AH_TVN,20,M7,False
AH_TVN,20,M8,False
AH_TVN,20,M9,True
AH_TVN,20,M10,True
AH_TVN,21,M1,True
AH_TVN,21,M2,True
AH_TVN,21,M3,True
AH_TVN,21,M4,True
AH_TVN,21,M5,False
AH_TVN,21,M6,True
AH_TVN,21,M7,False
AH_TVN,21,M8,True
AH_TVN,21,M9,False
AH_TVN,21,M10,True
AH_TVN,22,M1,False
AH_TVN,22,M2,False
AH_TVN,22,M3,True
AH_TVN,22,M4,False
AH_TVN,22,M5,False
AH_TVN,22,M6,False
AH_TVN,22,M7,False
AH_TVN,22,M8,False
AH_TVN,22,M9,False
AH_TVN,22,M10,False
AH_TVN,23,M1,True
AH_TVN,23,M2,True
AH_TVN,23,M3,True
AH_TVN,23,M4,True
AH_TVN,23,M5,True
AH_TVN,23,M6,True
AH_TVN,23,M7,True
AH_TVN,23,M8,True
AH_TVN,23,M9,True
AH_TVN,23,M10,True
AH_TVN,24,M1,False
AH_TVN,24,M2,True
AH_TVN,24,M3,True
AH_TVN,24,M4,False
AH_TVN,24,M5,False
AH_TVN,24,M6,False
AH_TVN,24,M7,False
AH_TVN,24,M8,False
AH_TVN,24,M9,False
AH_TVN,24,M10,False
AH_TVN,25,M1,False
AH_TVN,25,M2,True
AH_TVN,25,M3,False
AH_TVN,25,M4,False
AH_TVN,25,M5,False
AH_TVN,25,M6,False
AH_TVN,25,M7,False
AH_TVN,25,M8,False
AH_TVN,25,M9,True
AH_TVN,25,M10,True
AH_TVN,26,M1,False
AH_TVN,26,M2,False
AH_TVN,26,M3,False
AH_TVN,26,M4,False
AH_TVN,26,M5,True
AH_TVN,26,M6,False
AH_TVN,26,M7,False
AH_TVN,26,M8,False
AH_TVN,26,M9,False
AH_TVN,26,M10,False
AH_TVN,27,M1,True
AH_TVN,27,M2,True
AH_TVN,27,M3,False
AH_TVN,27,M4,True
AH_TVN,27,M5,True
AH_TVN,27,M6,True
AH_TVN,27,M7,True
AH_TVN,27,M8,True
AH_TVN,27,M9,True
AH_TVN,27,M10,True
AH_TVN,28,M1,False
AH_TVN,28,M2,False
AH_TVN,28,M3,False
AH_TVN,28,M4,False
AH_TVN,28,M5,False
AH_TVN,28,M6,True
AH_TVN,28,M7,False
AH_TVN,28,M8,True
AH_TVN,28,M9,False
AH_TVN,28,M10,False
AH_TVN,29,M1,True
AH_TVN,29,M2,False
AH_TVN,29,M3,False
AH_TVN,29,M4,False
AH_TVN,29,M5,True
AH_TVN,29,M6,False
AH_TVN,29,M7,True
AH_TVN,29,M8,True
AH_TVN,29,M9,True
AH_TVN,29,M10,False
AH_TVN,30,M1,True
AH_TVN,30,M2,True
AH_TVN,30,M3,True
AH_TVN,30,M4,True
AH_TVN,30,M5,True
AH_TVN,30,M6,True
AH_TVN,30,M7,True
AH_TVN,30,M8,True
AH_TVN,30,M9,False
AH_TVN,30,M10,True
AH_TVN,31,M1,True
AH_TVN,31,M2,True
AH_TVN,31,M3,True
AH_TVN,31,M4,False
AH_TVN,31,M5,False
AH_TVN,31,M6,False
AH_TVN,31,M7,False
AH_TVN,31,M8,False
AH_TVN,31,M9,False
AH_TVN,31,M10,False
AH_TVN,32,M1,False
AH_TVN,32,M2,False
AH_TVN,32,M3,True
AH_TVN,32,M4,False
AH_TVN,32,M5,False
AH_TVN,32,M6,False
AH_TVN,32,M7,False
AH_TVN,32,M8,False
AH_TVN,32,M9,False
AH_TVN,32,M10,False
AH_TVN,33,M1,True
AH_TVN,33,M2,True
AH_TVN,33,M3,True
AH_TVN,33,M4,True
AH_TVN,33,M5,True
AH_TVN,33,M6,True
AH_TVN,33,M7,True
AH_TVN,33,M8,True
AH_TVN,33,M9,True
AH_TVN,33,M10,True
AH_TVN,34,M1,False
AH_TVN,34,M2,False
AH_TVN,34,M3,False
AH_TVN,34,M4,False
AH_TVN,34,M5,False
AH_TVN,34,M6,True
AH_TVN,34,M7,False
AH_TVN,34,M8,False
AH_TVN,34,M9,False
AH_TVN,34,M10,False
AH_TVN,35,M1,True
AH_TVN,35,M2,True
AH_TVN,35,M3,True
AH_TVN,35,M4,True
AH_TVN,35,M5,True
AH_TVN,35,M6,True
AH_TVN,35,M7,True
AH_TVN,35,M8,False
AH_TVN,35,M9,True
AH_TVN,35,M10,True
AH_TVN,36,M1,True
AH_TVN,36,M2,False
AH_TVN,36,M3,True
AH_TVN,36,M4,True
AH_TVN,36,M5,True
AH_TVN,36,M6,True
AH_TVN,36,M7,True
AH_TVN,36,M8,True
AH_TVN,36,M9,True
AH_TVN,36,M10,True
AH_TVN,37,M1,True
AH_TVN,37,M2,True
AH_TVN,37,M3,True
AH_TVN,37,M4,True
AH_TVN,37,M5,True
AH_TVN,37,M6,True
AH_TVN,37,M7,True
AH_TVN,37,M8,True
AH_TVN,37,M9,True
AH_TVN,37,M10,True
AH_TVN,38,M1,True
AH_TVN,38,M2,True
AH_TVN,38,M3,True
AH_TVN,38,M4,True
AH_TVN,38,M5,True
AH_TVN,38,M6,True
AH_TVN,38,M7,True
AH_TVN,38,M8,True
AH_TVN,38,M9,True
AH_TVN,38,M10,True
AH_TVN,39,M1,True
AH_TVN,39,M2,True
AH_TVN,39,M3,True
AH_TVN,39,M4,True
AH_TVN,39,M5,True
AH_TVN,39,M6,True
AH_TVN,39,M7,True
AH_TVN,39,M8,True
AH_TVN,39,M9,True
AH_TVN,39,M10,True
AH_TVN,40,M1,True
AH_TVN,40,M2,True
AH_TVN,40,M3,True
AH_TVN,40,M4,True
AH_TVN,40,M5,True
AH_TVN,40,M6,True
AH_TVN,40,M7,True
AH_TVN,40,M8,True
AH_TVN,40,M9,True
AH_TVN,40,M10,True
AH_TVN,41,M1,True
AH_TVN,41,M2,True
AH_TVN,41,M3,True
AH_TVN,41,M4,True
AH_TVN,41,M5,False
AH_TVN,41,M6,True
AH_TVN,41,M7,False
AH_TVN,41,M8,True
AH_TVN,41,M9,True
AH_TVN,41,M10,False
AH_TVN,42,M1,True
AH_TVN,42,M2,True
AH_TVN,42,M3,True
AH_TVN,42,M4,True
AH_TVN,42,M5,True
AH_TVN,42,M6,True
AH_TVN,42,M7,True
AH_TVN,42,M8,True
AH_TVN,42,M9,True
AH_TVN,42,M10,False
AH_TVN,43,M1,True
AH_TVN,43,M2,False
AH_TVN,43,M3,False
AH_TVN,43,M4,True
AH_TVN,43,M5,True
AH_TVN,43,M6,False
AH_TVN,43,M7,True
AH_TVN,43,M8,True
AH_TVN,43,M9,True
AH_TVN,43,M10,False
AH_TVN,44,M1,True
AH_TVN,44,M2,True
AH_TVN,44,M3,True
AH_TVN,44,M4,True
AH_TVN,44,M5,True
AH_TVN,44,M6,True
AH_TVN,44,M7,True
AH_TVN,44,M8,True
AH_TVN,44,M9,True
AH_TVN,44,M10,True
AH_TVN,45,M1,False
AH_TVN,45,M2,False
AH_TVN,45,M3,False
AH_TVN,45,M4,False
AH_TVN,45,M5,True
AH_TVN,45,M6,False
AH_TVN,45,M7,True
AH_TVN,45,M8,False
AH_TVN,45,M9,False
AH_TVN,45,M10,False
AH_TVN,46,M1,False
AH_TVN,46,M2,False
AH_TVN,46,M3,False
AH_TVN,46,M4,False
AH_TVN,46,M5,False
AH_TVN,46,M6,False
AH_TVN,46,M7,False
AH_TVN,46,M8,False
AH_TVN,46,M9,False
AH_TVN,46,M10,True
AH_TVN,47,M1,True
AH_TVN,47,M2,True
AH_TVN,47,M3,True
AH_TVN,47,M4,True
AH_TVN,47,M5,True
AH_TVN,47,M6,False
AH_TVN,47,M7,False
AH_TVN,47,M8,False
AH_TVN,47,M9,True
AH_TVN,47,M10,False
AH_TVN,48,M1,False
AH_TVN,48,M2,False
AH_TVN,48,M3,False
AH_TVN,48,M4,True
AH_TVN,48,M5,False
AH_TVN,48,M6,False
AH_TVN,48,M7,False
AH_TVN,48,M8,False
AH_TVN,48,M9,False
AH_TVN,48,M10,False
AH_TVN,49,M1,True
AH_TVN,49,M2,True
AH_TVN,49,M3,True
AH_TVN,49,M4,True
AH_TVN,49,M5,True
AH_TVN,49,M6,True
AH_TVN,49,M7,True
AH_TVN,49,M8,False
AH_TVN,49,M9,False
AH_TVN,49,M10,False
AH_TVN,50,M1,True
AH_TVN,50,M2,False
AH_TVN,50,M3,True
AH_TVN,50,M4,True
AH_TVN,50,M5,True
AH_TVN,50,M6,True
AH_TVN,50,M7,True
AH_TVN,50,M8,True
AH_TVN,50,M9,True
AH_TVN,50,M10,True
AH_TVN,51,M1,True
AH_TVN,51,M2,True
AH_TVN,51,M3,False
AH_TVN,51,M4,False
AH_TVN,51,M5,False
AH_TVN,51,M6,False
AH_TVN,51,M7,False
AH_TVN,51,M8,False
AH_TVN,51,M9,False
AH_TVN,51,M10,False
AH_TVN,52,M1,True
AH_TVN,52,M2,True
AH_TVN,52,M3,True
AH_TVN,52,M4,True
AH_TVN,52,M5,True
AH_TVN,52,M6,True
AH_TVN,52,M7,True
AH_TVN,52,M8,True
AH_TVN,52,M9,True
AH_TVN,52,M10,False
AH_TVN,53,M1,True
AH_TVN,53,M2,False
AH_TVN,53,M3,False
AH_TVN,53,M4,False
AH_TVN,53,M5,False
AH_TVN,53,M6,False
AH_TVN,53,M7,False
AH_TVN,53,M8,False
AH_TVN,53,M9,False
AH_TVN,53,M10,True
AH_TVN,54,M1,True
AH_TVN,54,M2,False
AH_TVN,54,M3,True
AH_TVN,54,M4,True
AH_TVN,54,M5,True
AH_TVN,54,M6,True
AH_TVN,54,M7,False
AH_TVN,54,M8,False
AH_TVN,54,M9,False
AH_TVN,54,M10,False
AH_TVN,55,M1,False
AH_TVN,55,M2,True
AH_TVN,55,M3,True
AH_TVN,55,M4,False
AH_TVN,55,M5,False
AH_TVN,55,M6,False
AH_TVN,55,M7,False
AH_TVN,55,M8,False
AH_TVN,55,M9,False
AH_TVN,55,M10,False
AH_TVN,56,M1,False
AH_TVN,56,M2,False
AH_TVN,56,M3,False
AH_TVN,56,M4,True
AH_TVN,56,M5,False
AH_TVN,56,M6,False
AH_TVN,56,M7,False
AH_TVN,56,M8,False
AH_TVN,56,M9,False
AH_TVN,56,M10,False
AH_TVN,57,M1,False
AH_TVN,57,M2,True
AH_TVN,57,M3,True
AH_TVN,57,M4,True
AH_TVN,57,M5,True
AH_TVN,57,M6,False
AH_TVN,57,M7,True
AH_TVN,57,M8,True
AH_TVN,57,M9,False
AH_TVN,57,M10,False
AH_TVN,58,M1,True
AH_TVN,58,M2,True
AH_TVN,58,M3,True
AH_TVN,58,M4,True
AH_TVN,58,M5,True
AH_TVN,58,M6,True
AH_TVN,58,M7,True
AH_TVN,58,M8,True
AH_TVN,58,M9,True
AH_TVN,58,M10,True
AH_TVN,59,M1,False
AH_TVN,59,M2,False
AH_TVN,59,M3,False
AH_TVN,59,M4,True
AH_TVN,59,M5,True
AH_TVN,59,M6,False
AH_TVN,59,M7,True
AH_TVN,59,M8,False
AH_TVN,59,M9,True
AH_TVN,59,M10,True
AH_TVN,60,M1,True
AH_TVN,60,M2,True
AH_TVN,60,M3,True
AH_TVN,60,M4,True
AH_TVN,60,M5,True
AH_TVN,60,M6,True
AH_TVN,60,M7,True
AH_TVN,60,M8,True
AH_TVN,60,M9,True
AH_TVN,60,M10,True
AH_TVN,61,M1,True
AH_TVN,61,M2,True
AH_TVN,61,M3,True
AH_TVN,61,M4,True
AH_TVN,61,M5,True
AH_TVN,61,M6,True
AH_TVN,61,M7,True
AH_TVN,61,M8,True
AH_TVN,61,M9,False
AH_TVN,61,M10,False
AH_TVN,62,M1,True
AH_TVN,62,M2,True
AH_TVN,62,M3,True
AH_TVN,62,M4,True
AH_TVN,62,M5,True
AH_TVN,62,M6,True
AH_TVN,62,M7,True
AH_TVN,62,M8,True
AH_TVN,62,M9,True
AH_TVN,62,M10,True
AH_TVN,63,M1,True
AH_TVN,63,M2,True
AH_TVN,63,M3,True
AH_TVN,63,M4,True
AH_TVN,63,M5,True
AH_TVN,63,M6,True
AH_TVN,63,M7,True
AH_TVN,63,M8,True
AH_TVN,63,M9,True
AH_TVN,63,M10,True
AH_TVN,64,M1,True
AH_TVN,64,M2,False
AH_TVN,64,M3,False
AH_TVN,64,M4,False
AH_TVN,64,M5,False
AH_TVN,64,M6,False
AH_TVN,64,M7,False
AH_TVN,64,M8,True
AH_TVN,64,M9,False
AH_TVN,64,M10,True
AH_TVN,65,M1,False
AH_TVN,65,M2,True
AH_TVN,65,M3,False
AH_TVN,65,M4,False
AH_TVN,65,M5,False
AH_TVN,65,M6,False
AH_TVN,65,M7,False
AH_TVN,65,M8,False
AH_TVN,65,M9,False
AH_TVN,65,M10,False
AH_TVN,66,M1,False
AH_TVN,66,M2,True
AH_TVN,66,M3,True
AH_TVN,66,M4,False
AH_TVN,66,M5,False
AH_TVN,66,M6,False
AH_TVN,66,M7,True
AH_TVN,66,M8,False
AH_TVN,66,M9,True
AH_TVN,66,M10,False
AH_TVN,67,M1,False
AH_TVN,67,M2,False
AH_TVN,67,M3,True
AH_TVN,67,M4,False
AH_TVN,67,M5,False
AH_TVN,67,M6,True
AH_TVN,67,M7,True
AH_TVN,67,M8,False
AH_TVN,67,M9,False
AH_TVN,67,M10,True
AH_TVN,68,M1,False
AH_TVN,68,M2,False
AH_TVN,68,M3,True
AH_TVN,68,M4,False
AH_TVN,68,M5,False
AH_TVN,68,M6,False
AH_TVN,68,M7,True
AH_TVN,68,M8,False
AH_TVN,68,M9,True
AH_TVN,68,M10,False
AH_TVN,69,M1,False
AH_TVN,69,M2,False
AH_TVN,69,M3,False
AH_TVN,69,M4,False
AH_TVN,69,M5,False
AH_TVN,69,M6,False
AH_TVN,69,M7,True
AH_TVN,69,M8,False
AH_TVN,69,M9,False
AH_TVN,69,M10,False
AH_TVN,70,M1,False
AH_TVN,70,M2,False
AH_TVN,70,M3,False
AH_TVN,70,M4,False
AH_TVN,70,M5,False
AH_TVN,70,M6,False
AH_TVN,70,M7,False
AH_TVN,70,M8,False
AH_TVN,70,M9,False
AH_TVN,70,M10,True
AH_TVN,71,M1,False
AH_TVN,71,M2,False
AH_TVN,71,M3,False
AH_TVN,71,M4,False
AH_TVN,71,M5,False
AH_TVN,71,M6,False
AH_TVN,71,M7,True
AH_TVN,71,M8,True
AH_TVN,71,M9,True
AH_TVN,71,M10,True
AH_TVN,72,M1,False
AH_TVN,72,M2,False
AH_TVN,72,M3,False
AH_TVN,72,M4,False
AH_TVN,72,M5,True
AH_TVN,72,M6,False
AH_TVN,72,M7,False
AH_TVN,72,M8,False
AH_TVN,72,M9,False
AH_TVN,72,M10,False
AH_TVN,73,M1,False
AH_TVN,73,M2,False
AH_TVN,73,M3,False
AH_TVN,73,M4,False
AH_TVN,73,M5,False
AH_TVN,73,M6,False
AH_TVN,73,M7,False
AH_TVN,73,M8,False
AH_TVN,73,M9,False
AH_TVN,73,M10,True
AH_TVN,74,M1,False
AH_TVN,74,M2,False
AH_TVN,74,M3,False
AH_TVN,74,M4,False
AH_TVN,74,M5,False
AH_TVN,74,M6,False
AH_TVN,74,M7,False
AH_TVN,74,M8,False
AH_TVN,74,M9,False
AH_TVN,74,M10,True
AH_TVN,75,M1,True
AH_TVN,75,M2,False
AH_TVN,75,M3,False
AH_TVN,75,M4,False
AH_TVN,75,M5,True
AH_TVN,75,M6,True
AH_TVN,75,M7,True
AH_TVN,75,M8,True
AH_TVN,75,M9,True
AH_TVN,75,M10,True
AH_TVN,76,M1,False
AH_TVN,76,M2,False
AH_TVN,76,M3,False
AH_TVN,76,M4,True
AH_TVN,76,M5,True
AH_TVN,76,M6,False
AH_TVN,76,M7,True
AH_TVN,76,M8,True
AH_TVN,76,M9,True
AH_TVN,76,M10,True
AH_TVN,77,M1,False
AH_TVN,77,M2,False
AH_TVN,77,M3,False
AH_TVN,77,M4,False
AH_TVN,77,M5,False
AH_TVN,77,M6,False
AH_TVN,77,M7,False
AH_TVN,77,M8,False
AH_TVN,77,M9,False
AH_TVN,77,M10,True
AH_TVN,78,M1,False
AH_TVN,78,M2,False
AH_TVN,78,M3,True
AH_TVN,78,M4,True
AH_TVN,78,M5,False
AH_TVN,78,M6,False
AH_TVN,78,M7,False
AH_TVN,78,M8,False
AH_TVN,78,M9,False
AH_TVN,78,M10,False
AH_TVN,79,M1,True
AH_TVN,79,M2,True
AH_TVN,79,M3,True
AH_TVN,79,M4,True
AH_TVN,79,M5,True
AH_TVN,79,M6,True
AH_TVN,79,M7,True
AH_TVN,79,M8,True
AH_TVN,79,M9,True
AH_TVN,79,M10,True
AH_DVN,1,M3,True
AH_DVN,1,M6,True
AH_DVN,1,M7,True
AH_DVN,1,M8,True
AH_DVN,1,M9,True
AH_DVN,1,M10,True
AH_DVN,1,M11,True
AH_DVN,1,M1,False
AH_DVN,1,M2,False
AH_DVN,1,M4,False
AH_DVN,1,M5,False
AH_DVN,2,M1,True
AH_DVN,2,M2,True
AH_DVN,2,M3,True
AH_DVN,2,M4,True
AH_DVN,2,M5,True
AH_DVN,2,M6,True
AH_DVN,2,M7,True
AH_DVN,2,M8,True
AH_DVN,2,M9,True
AH_DVN,2,M10,True
AH_DVN,2,M11,True
AH_DVN,3,M3,True
AH_DVN,3,M4,True
AH_DVN,3,M5,True
AH_DVN,3,M8,True
AH_DVN,3,M9,True
AH_DVN,3,M10,True
AH_DVN,3,M11,True
AH_DVN,3,M1,False
AH_DVN,3,M2,False
AH_DVN,3,M6,False
AH_DVN,3,M7,False
AH_DVN,4,M2,True
AH_DVN,4,M9,True
AH_DVN,4,M1,False
AH_DVN,4,M3,False
AH_DVN,4,M4,False
AH_DVN,4,M5,False
AH_DVN,4,M6,False
AH_DVN,4,M7,False
AH_DVN,4,M8,False
AH_DVN,4,M10,False
AH_DVN,4,M11,False
AH_DVN,5,M4,True
AH_DVN,5,M5,True
AH_DVN,5,M6,True
AH_DVN,5,M7,True
AH_DVN,5,M8,True
AH_DVN,5,M9,True
AH_DVN,5,M10,True
AH_DVN,5,M1,False
AH_DVN,5,M2,False
AH_DVN,5,M3,False
AH_DVN,5,M11,False
AH_DVN,6,M1,True
AH_DVN,6,M2,True
AH_DVN,6,M4,True
AH_DVN,6,M5,True
AH_DVN,6,M6,True
AH_DVN,6,M7,True
AH_DVN,6,M8,True
AH_DVN,6,M9,True
AH_DVN,6,M10,True
AH_DVN,6,M11,True
AH_DVN,6,M3,False
AH_DVN,7,M1,True
AH_DVN,7,M3,True
AH_DVN,7,M4,True
AH_DVN,7,M6,True
AH_DVN,7,M7,True
AH_DVN,7,M8,True
AH_DVN,7,M9,True
AH_DVN,7,M10,True
AH_DVN,7,M11,True
AH_DVN,7,M2,False
AH_DVN,7,M5,False
AH_DVN,8,M3,True
AH_DVN,8,M4,True
AH_DVN,8,M5,True
AH_DVN,8,M7,True
AH_DVN,8,M8,True
AH_DVN,8,M9,True
AH_DVN,8,M10,True
AH_DVN,8,M11,True
AH_DVN,8,M1,False
AH_DVN,8,M2,False
AH_DVN,8,M6,False
AH_DVN,9,M3,True
AH_DVN,9,M11,True
AH_DVN,9,M1,False
AH_DVN,9,M2,False
AH_DVN,9,M4,False
AH_DVN,9,M5,False
AH_DVN,9,M6,False
AH_DVN,9,M7,False
AH_DVN,9,M8,False
AH_DVN,9,M9,False
AH_DVN,9,M10,False
AH_DVN,10,M8,True
AH_DVN,10,M10,True
AH_DVN,10,M11,True
AH_DVN,10,M1,False
AH_DVN,10,M2,False
AH_DVN,10,M3,False
AH_DVN,10,M4,False
AH_DVN,10,M5,False
AH_DVN,10,M6,False
AH_DVN,10,M7,False
AH_DVN,10,M9,False
AH_DVN,11,M7,True
AH_DVN,11,M10,True
AH_DVN,11,M1,False
AH_DVN,11,M2,False
AH_DVN,11,M3,False
AH_DVN,11,M4,False
AH_DVN,11,M5,False
AH_DVN,11,M6,False
AH_DVN,11,M8,False
AH_DVN,11,M9,False
AH_DVN,11,M11,False
AH_DVN,12,M3,True
AH_DVN,12,M4,True
AH_DVN,12,M5,True
AH_DVN,12,M6,True
AH_DVN,12,M7,True
AH_DVN,12,M8,True
AH_DVN,12,M9,True
AH_DVN,12,M10,True
AH_DVN,12,M11,True
AH_DVN,12,M1,False
AH_DVN,12,M2,False
AH_DVN,13,M6,True
AH_DVN,13,M8,True
AH_DVN,13,M1,False
AH_DVN,13,M2,False
AH_DVN,13,M3,False
AH_DVN,13,M4,False
AH_DVN,13,M5,False
AH_DVN,13,M7,False
AH_DVN,13,M9,False
AH_DVN,13,M10,False
AH_DVN,13,M11,False
AH_DVN,14,M4,True
AH_DVN,14,M6,True
AH_DVN,14,M7,True
AH_DVN,14,M8,True
AH_DVN,14,M9,True
AH_DVN,14,M10,True
AH_DVN,14,M11,True
AH_DVN,14,M1,False
AH_DVN,14,M2,False
AH_DVN,14,M3,False
AH_DVN,14,M5,False
AH_DVN,15,M4,True
AH_DVN,15,M9,True
AH_DVN,15,M10,True
AH_DVN,15,M1,False
AH_DVN,15,M2,False
AH_DVN,15,M3,False
AH_DVN,15,M5,False
AH_DVN,15,M6,False
AH_DVN,15,M7,False
AH_DVN,15,M8,False
AH_DVN,15,M11,False
AH_DVN,16,M10,True
AH_DVN,16,M1,False
AH_DVN,16,M2,False
AH_DVN,16,M3,False
AH_DVN,16,M4,False
AH_DVN,16,M5,False
AH_DVN,16,M6,False
AH_DVN,16,M7,False
AH_DVN,16,M8,False
AH_DVN,16,M9,False
AH_DVN,16,M11,False
AH_DVN,17,M1,True
AH_DVN,17,M6,True
AH_DVN,17,M7,True
AH_DVN,17,M8,True
AH_DVN,17,M9,True
AH_DVN,17,M10,True
AH_DVN,17,M11,True
AH_DVN,17,M2,False
AH_DVN,17,M3,False
AH_DVN,17,M4,False
AH_DVN,17,M5,False
AH_DVN,18,M9,True
AH_DVN,18,M10,True
AH_DVN,18,M1,False
AH_DVN,18,M2,False
AH_DVN,18,M3,False
AH_DVN,18,M4,False
AH_DVN,18,M5,False
AH_DVN,18,M6,False
AH_DVN,18,M7,False
AH_DVN,18,M8,False
AH_DVN,18,M11,False
AH_DVN,19,M6,True
AH_DVN,19,M1,False
AH_DVN,19,M2,False
AH_DVN,19,M3,False
AH_DVN,19,M4,False
AH_DVN,19,M5,False
AH_DVN,19,M7,False
AH_DVN,19,M8,False
AH_DVN,19,M9,False
AH_DVN,19,M10,False
AH_DVN,19,M11,False
AH_DVN,20,M1,True
AH_DVN,20,M2,True
AH_DVN,20,M3,True
AH_DVN,20,M4,True
AH_DVN,20,M5,True
AH_DVN,20,M6,True
AH_DVN,20,M7,True
AH_DVN,20,M8,True
AH_DVN,20,M9,True
AH_DVN,20,M10,True
AH_DVN,20,M11,True
AH_DVN,21,M10,True
AH_DVN,21,M1,False
AH_DVN,21,M2,False
AH_DVN,21,M3,False
AH_DVN,21,M4,False
AH_DVN,21,M5,False
AH_DVN,21,M6,False
AH_DVN,21,M7,False
AH_DVN,21,M8,False
AH_DVN,21,M9,False
AH_DVN,21,M11,False
AH_DVN,22,M5,True
AH_DVN,22,M1,False
AH_DVN,22,M2,False
AH_DVN,22,M3,False
AH_DVN,22,M4,False
AH_DVN,22,M6,False
AH_DVN,22,M7,False
AH_DVN,22,M8,False
AH_DVN,22,M9,False
AH_DVN,22,M10,False
AH_DVN,22,M11,False
AH_DVN,23,M1,True
AH_DVN,23,M2,True
AH_DVN,23,M3,True
AH_DVN,23,M4,True
AH_DVN,23,M5,True
AH_DVN,23,M6,True
AH_DVN,23,M7,True
AH_DVN,23,M8,True
AH_DVN,23,M9,True
AH_DVN,23,M10,True
AH_DVN,23,M11,True
AH_DVN,24,M3,True
AH_DVN,24,M1,False
AH_DVN,24,M2,False
AH_DVN,24,M4,False
AH_DVN,24,M5,False
AH_DVN,24,M6,False
AH_DVN,24,M7,False
AH_DVN,24,M8,False
AH_DVN,24,M9,False
AH_DVN,24,M10,False
AH_DVN,24,M11,False
AH_DVN,25,M4,True
AH_DVN,25,M1,False
AH_DVN,25,M2,False
AH_DVN,25,M3,False
AH_DVN,25,M5,False
AH_DVN,25,M6,False
AH_DVN,25,M7,False
AH_DVN,25,M8,False
AH_DVN,25,M9,False
AH_DVN,25,M10,False
AH_DVN,25,M11,False
AH_DVN,26,M6,True
AH_DVN,26,M9,True
AH_DVN,26,M11,True
AH_DVN,26,M1,False
AH_DVN,26,M2,False
AH_DVN,26,M3,False
AH_DVN,26,M4,False
AH_DVN,26,M5,False
AH_DVN,26,M7,False
AH_DVN,26,M8,False
AH_DVN,26,M10,False
AH_DVN,27,M11,True
AH_DVN,27,M1,False
AH_DVN,27,M2,False
AH_DVN,27,M3,False
AH_DVN,27,M4,False
AH_DVN,27,M5,False
AH_DVN,27,M6,False
AH_DVN,27,M7,False
AH_DVN,27,M8,False
AH_DVN,27,M9,False
AH_DVN,27,M10,False
AH_DVN,28,M3,True
AH_DVN,28,M5,True
AH_DVN,28,M8,True
AH_DVN,28,M10,True
AH_DVN,28,M11,True
AH_DVN,28,M1,False
AH_DVN,28,M2,False
AH_DVN,28,M4,False
AH_DVN,28,M6,False
AH_DVN,28,M7,False
AH_DVN,28,M9,False
AH_DVN,29,M1,True
AH_DVN,29,M2,False
AH_DVN,29,M3,False
AH_DVN,29,M4,False
AH_DVN,29,M5,False
AH_DVN,29,M6,False
AH_DVN,29,M7,False
AH_DVN,29,M8,False
AH_DVN,29,M9,False
AH_DVN,29,M10,False
AH_DVN,29,M11,False
AH_DVN,30,M11,True
AH_DVN,30,M1,False
AH_DVN,30,M2,False
AH_DVN,30,M3,False
AH_DVN,30,M4,False
AH_DVN,30,M5,False
AH_DVN,30,M6,False
AH_DVN,30,M7,False
AH_DVN,30,M8,False
AH_DVN,30,M9,False
AH_DVN,30,M10,False
AH_DVN,31,M11,True
AH_DVN,31,M1,False
AH_DVN,31,M2,False
AH_DVN,31,M3,False
AH_DVN,31,M4,False
AH_DVN,31,M5,False
AH_DVN,31,M6,False
AH_DVN,31,M7,False
AH_DVN,31,M8,False
AH_DVN,31,M9,False
AH_DVN,31,M10,False
AH_DVN,32,M7,True
AH_DVN,32,M1,False
AH_DVN,32,M2,False
AH_DVN,32,M3,False
AH_DVN,32,M4,False
AH_DVN,32,M5,False
AH_DVN,32,M6,False
AH_DVN,32,M8,False
AH_DVN,32,M9,False
AH_DVN,32,M10,False
AH_DVN,32,M11,False
AH_DVN,33,M5,True
AH_DVN,33,M1,False
AH_DVN,33,M2,False
AH_DVN,33,M3,False
AH_DVN,33,M4,False
AH_DVN,33,M6,False
AH_DVN,33,M7,False
AH_DVN,33,M8,False
AH_DVN,33,M9,False
AH_DVN,33,M10,False
AH_DVN,33,M11,False
AH_DVN,34,M10,True
AH_DVN,34,M1,False
AH_DVN,34,M2,False
AH_DVN,34,M3,False
AH_DVN,34,M4,False
AH_DVN,34,M5,False
AH_DVN,34,M6,False
AH_DVN,34,M7,False
AH_DVN,34,M8,False
AH_DVN,34,M9,False
AH_DVN,34,M11,False
AH_DVN,35,M1,True
AH_DVN,35,M2,True
AH_DVN,35,M3,True
AH_DVN,35,M4,True
AH_DVN,35,M5,True
AH_DVN,35,M6,True
AH_DVN,35,M7,True
AH_DVN,35,M8,True
AH_DVN,35,M9,True
AH_DVN,35,M10,True
AH_DVN,35,M11,True
AH_DVN,36,M1,True
AH_DVN,36,M3,True
AH_DVN,36,M4,True
AH_DVN,36,M5,True
AH_DVN,36,M7,True
AH_DVN,36,M8,True
AH_DVN,36,M9,True
AH_DVN,36,M10,True
AH_DVN,36,M11,True
AH_DVN,36,M2,False
AH_DVN,36,M6,False
AH_DVN,37,M1,True
AH_DVN,37,M2,True
AH_DVN,37,M4,True
AH_DVN,37,M5,True
AH_DVN,37,M6,True
AH_DVN,37,M7,True
AH_DVN,37,M8,True
AH_DVN,37,M9,True
AH_DVN,37,M10,True
AH_DVN,37,M3,False
AH_DVN,37,M11,False
AH_DVN,38,M5,True
AH_DVN,38,M8,True
AH_DVN,38,M1,False
AH_DVN,38,M2,False
AH_DVN,38,M3,False
AH_DVN,38,M4,False
AH_DVN,38,M6,False
AH_DVN,38,M7,False
AH_DVN,38,M9,False
AH_DVN,38,M10,False
AH_DVN,38,M11,False
AH_DVN,39,M11,True
AH_DVN,39,M1,False
AH_DVN,39,M2,False
AH_DVN,39,M3,False
AH_DVN,39,M4,False
AH_DVN,39,M5,False
AH_DVN,39,M6,False
AH_DVN,39,M7,False
AH_DVN,39,M8,False
AH_DVN,39,M9,False
AH_DVN,39,M10,False
AH_DVN,40,M1,True
AH_DVN,40,M2,True
AH_DVN,40,M3,True
AH_DVN,40,M4,True
AH_DVN,40,M5,True
AH_DVN,40,M6,True
AH_DVN,40,M7,True
AH_DVN,40,M8,True
AH_DVN,40,M9,True
AH_DVN,40,M10,True
AH_DVN,40,M11,True
AH_DVN,41,M5,True
AH_DVN,41,M1,False
AH_DVN,41,M2,False
AH_DVN,41,M3,False
AH_DVN,41,M4,False
AH_DVN,41,M6,False
AH_DVN,41,M7,False
AH_DVN,41,M8,False
AH_DVN,41,M9,False
AH_DVN,41,M10,False
AH_DVN,41,M11,False
AH_DVN,42,M4,True
AH_DVN,42,M5,True
AH_DVN,42,M6,True
AH_DVN,42,M7,True
AH_DVN,42,M8,True
AH_DVN,42,M9,True
AH_DVN,42,M10,True
AH_DVN,42,M11,True
AH_DVN,42,M1,False
AH_DVN,42,M2,False
AH_DVN,42,M3,False
AH_DVN,43,M2,True
AH_DVN,43,M3,True
AH_DVN,43,M4,True
AH_DVN,43,M5,True
AH_DVN,43,M6,True
AH_DVN,43,M7,True
AH_DVN,43,M8,True
AH_DVN,43,M9,True
AH_DVN,43,M10,True
AH_DVN,43,M11,True
AH_DVN,43,M1,False
AH_DVN,44,M10,True
AH_DVN,44,M11,True
AH_DVN,44,M1,False
AH_DVN,44,M2,False
AH_DVN,44,M3,False
AH_DVN,44,M4,False
AH_DVN,44,M5,False
AH_DVN,44,M6,False
AH_DVN,44,M7,False
AH_DVN,44,M8,False
AH_DVN,44,M9,False
AH_DVN,45,M5,True
AH_DVN,45,M1,False
AH_DVN,45,M2,False
AH_DVN,45,M3,False
AH_DVN,45,M4,False
AH_DVN,45,M6,False
AH_DVN,45,M7,False
AH_DVN,45,M8,False
AH_DVN,45,M9,False
AH_DVN,45,M10,False
AH_DVN,45,M11,False
AH_DVN,46,M4,True
AH_DVN,46,M9,True
AH_DVN,46,M11,True
AH_DVN,46,M1,False
AH_DVN,46,M2,False
AH_DVN,46,M3,False
AH_DVN,46,M5,False
AH_DVN,46,M6,False
AH_DVN,46,M7,False
AH_DVN,46,M8,False
AH_DVN,46,M10,False
AH_DVN,47,M6,True
AH_DVN,47,M7,True
AH_DVN,47,M9,True
AH_DVN,47,M1,False
AH_DVN,47,M2,False
AH_DVN,47,M3,False
AH_DVN,47,M4,False
AH_DVN,47,M5,False
AH_DVN,47,M8,False
AH_DVN,47,M10,False
AH_DVN,47,M11,False
AH_DVN,48,M4,True
AH_DVN,48,M7,True
AH_DVN,48,M8,True
AH_DVN,48,M1,False
AH_DVN,48,M2,False
AH_DVN,48,M3,False
AH_DVN,48,M5,False
AH_DVN,48,M6,False
AH_DVN,48,M9,False
AH_DVN,48,M10,False
AH_DVN,48,M11,False
AH_DVN,49,M2,True
AH_DVN,49,M4,True
AH_DVN,49,M5,True
AH_DVN,49,M6,True
AH_DVN,49,M7,True
AH_DVN,49,M9,True
AH_DVN,49,M10,True
AH_DVN,49,M11,True
AH_DVN,49,M1,False
AH_DVN,49,M3,False
AH_DVN,49,M8,False
AH_DVN,50,M1,True
AH_DVN,50,M2,True
AH_DVN,50,M3,True
AH_DVN,50,M4,True
AH_DVN,50,M5,True
AH_DVN,50,M6,True
AH_DVN,50,M7,True
AH_DVN,50,M8,True
AH_DVN,50,M9,True
AH_DVN,50,M10,True
AH_DVN,50,M11,True
AH_DVN,51,M10,True
AH_DVN,51,M1,False
AH_DVN,51,M2,False
AH_DVN,51,M3,False
AH_DVN,51,M4,False
AH_DVN,51,M5,False
AH_DVN,51,M6,False
AH_DVN,51,M7,False
AH_DVN,51,M8,False
AH_DVN,51,M9,False
AH_DVN,51,M11,False
AH_DVN,52,M1,True
AH_DVN,52,M2,True
AH_DVN,52,M3,True
AH_DVN,52,M4,True
AH_DVN,52,M5,True
AH_DVN,52,M6,True
AH_DVN,52,M7,True
AH_DVN,52,M8,True
AH_DVN,52,M9,True
AH_DVN,52,M10,True
AH_DVN,52,M11,True
AH_DVN,53,M10,True
AH_DVN,53,M11,True
AH_DVN,53,M1,False
AH_DVN,53,M2,False
AH_DVN,53,M3,False
AH_DVN,53,M4,False
AH_DVN,53,M5,False
AH_DVN,53,M6,False
AH_DVN,53,M7,False
AH_DVN,53,M8,False
AH_DVN,53,M9,False
AH_DVN,54,M1,True
AH_DVN,54,M2,True
AH_DVN,54,M3,True
AH_DVN,54,M4,True
AH_DVN,54,M5,True
AH_DVN,54,M6,True
AH_DVN,54,M7,True
AH_DVN,54,M8,True
AH_DVN,54,M9,True
AH_DVN,54,M10,True
AH_DVN,54,M11,True
AH_DVN,55,M1,True
AH_DVN,55,M2,True
AH_DVN,55,M3,True
AH_DVN,55,M4,True
AH_DVN,55,M5,True
AH_DVN,55,M6,True
AH_DVN,55,M7,True
AH_DVN,55,M8,True
AH_DVN,55,M9,True
AH_DVN,55,M10,True
AH_DVN,55,M11,True
AH_DVD,1,M1,True
AH_DVD,1,M2,True
AH_DVD,1,M3,False
AH_DVD,1,M4,True
AH_DVD,1,M5,True
AH_DVD,1,M6,True
AH_DVD,1,M7,True
AH_DVD,1,M8,False
AH_DVD,1,M9,False
AH_DVD,2,M1,True
AH_DVD,2,M2,True
AH_DVD,2,M3,False
AH_DVD,2,M4,True
AH_DVD,2,M5,False
AH_DVD,2,M6,True
AH_DVD,2,M7,True
AH_DVD,2,M8,False
AH_DVD,2,M9,False
AH_DVD,3,M1,True
AH_DVD,3,M2,True
AH_DVD,3,M3,False
AH_DVD,3,M4,True
AH_DVD,3,M5,False
AH_DVD,3,M6,True
AH_DVD,3,M7,True
AH_DVD,3,M8,False
AH_DVD,3,M9,False
AH_DVD,4,M1,True
AH_DVD,4,M2,True
AH_DVD,4,M3,False
AH_DVD,4,M4,True
AH_DVD,4,M5,False
AH_DVD,4,M6,False
AH_DVD,4,M7,False
AH_DVD,4,M8,False
AH_DVD,4,M9,False
AH_DVD,5,M1,True
AH_DVD,5,M2,True
AH_DVD,5,M3,False
AH_DVD,5,M4,False
AH_DVD,5,M5,False
AH_DVD,5,M6,True
AH_DVD,5,M7,True
AH_DVD,5,M8,False
AH_DVD,5,M9,False
AH_DVD,6,M1,True
AH_DVD,6,M2,True
AH_DVD,6,M3,False
AH_DVD,6,M4,False
AH_DVD,6,M5,True
AH_DVD,6,M6,True
AH_DVD,6,M7,True
AH_DVD,6,M8,False
AH_DVD,6,M9,False
AH_DVD,7,M1,False
AH_DVD,7,M2,False
AH_DVD,7,M3,True
AH_DVD,7,M4,True
AH_DVD,7,M5,True
AH_DVD,7,M6,False
AH_DVD,7,M7,False
AH_DVD,7,M8,True
AH_DVD,7,M9,True
AH_DVD,8,M1,False
AH_DVD,8,M2,False
AH_DVD,8,M3,True
AH_DVD,8,M4,True
AH_DVD,8,M5,True
AH_DVD,8,M6,True
AH_DVD,8,M7,True
AH_DVD,8,M8,True
AH_DVD,8,M9,True
AH_DVD,9,M1,False
AH_DVD,9,M2,False
AH_DVD,9,M3,True
AH_DVD,9,M4,True
AH_DVD,9,M5,True
AH_DVD,9,M6,False
AH_DVD,9,M7,False
AH_DVD,9,M8,True
AH_DVD,9,M9,True
AH_DVD,10,M1,True
AH_DVD,10,M2,True
AH_DVD,10,M3,True
AH_DVD,10,M4,True
AH_DVD,10,M5,False
AH_DVD,10,M6,True
AH_DVD,10,M7,False
AH_DVD,10,M8,True
AH_DVD,10,M9,True
AH_DVD,11,M1,False
AH_DVD,11,M2,False
AH_DVD,11,M3,True
AH_DVD,11,M4,True
AH_DVD,11,M5,True
AH_DVD,11,M6,False
AH_DVD,11,M7,True
AH_DVD,11,M8,False
AH_DVD,11,M9,False
AH_DVD,12,M1,False
AH_DVD,12,M2,True
AH_DVD,12,M3,True
AH_DVD,12,M4,False
AH_DVD,12,M5,False
AH_DVD,12,M6,False
AH_DVD,12,M7,True
AH_DVD,12,M8,True
AH_DVD,12,M9,True
AH_DVD,13,M1,False
AH_DVD,13,M2,True
AH_DVD,13,M3,False
AH_DVD,13,M4,False
AH_DVD,13,M5,True
AH_DVD,13,M6,False
AH_DVD,13,M7,False
AH_DVD,13,M8,True
AH_DVD,13,M9,True
AH_DVD,14,M1,True
AH_DVD,14,M2,False
AH_DVD,14,M3,True
AH_DVD,14,M4,True
AH_DVD,14,M5,False
AH_DVD,14,M6,False
AH_DVD,14,M7,False
AH_DVD,14,M8,False
AH_DVD,14,M9,False
AH_DVD,15,M1,False
AH_DVD,15,M2,False
AH_DVD,15,M3,True
AH_DVD,15,M4,True
AH_DVD,15,M5,True
AH_DVD,15,M6,False
AH_DVD,15,M7,True
AH_DVD,15,M8,True
AH_DVD,15,M9,False
AH_DVD,16,M1,True
AH_DVD,16,M2,True
AH_DVD,16,M3,True
AH_DVD,16,M4,True
AH_DVD,16,M5,False
AH_DVD,16,M6,True
AH_DVD,16,M7,True
AH_DVD,16,M8,True
AH_DVD,16,M9,False
AH_DVD,17,M1,True
AH_DVD,17,M2,True
AH_DVD,17,M3,True
AH_DVD,17,M4,False
AH_DVD,17,M5,False
AH_DVD,17,M6,True
AH_DVD,17,M7,True
AH_DVD,17,M8,False
AH_DVD,17,M9,False
AH_DVD,18,M1,True
AH_DVD,18,M2,False
AH_DVD,18,M3,True
AH_DVD,18,M4,True
AH_DVD,18,M5,True
AH_DVD,18,M6,True
AH_DVD,18,M7,True
AH_DVD,18,M8,False
AH_DVD,18,M9,True
AH_DVD,19,M1,False
AH_DVD,19,M2,True
AH_DVD,19,M3,False
AH_DVD,19,M4,True
AH_DVD,19,M5,False
AH_DVD,19,M6,True
AH_DVD,19,M7,True
AH_DVD,19,M8,True
AH_DVD,19,M9,False
AH_DVD,20,M1,True
AH_DVD,20,M2,True
AH_DVD,20,M3,False
AH_DVD,20,M4,True
AH_DVD,20,M5,False
AH_DVD,20,M6,True
AH_DVD,20,M7,True
AH_DVD,20,M8,True
AH_DVD,20,M9,True
AH_DVD,21,M1,True
AH_DVD,21,M2,False
AH_DVD,21,M3,True
AH_DVD,21,M4,False
AH_DVD,21,M5,True
AH_DVD,21,M6,False
AH_DVD,21,M7,True
AH_DVD,21,M8,True
AH_DVD,21,M9,True
AH_DVD,22,M1,True
AH_DVD,22,M2,True
AH_DVD,22,M3,False
AH_DVD,22,M4,True
AH_DVD,22,M5,False
AH_DVD,22,M6,True
AH_DVD,22,M7,False
AH_DVD,22,M8,True
AH_DVD,22,M9,True
AH_DVD,23,M1,True
AH_DVD,23,M2,True
AH_DVD,23,M3,False
AH_DVD,23,M4,False
AH_DVD,23,M5,True
AH_DVD,23,M6,False
AH_DVD,23,M7,True
AH_DVD,23,M8,True
AH_DVD,23,M9,True
AH_DVD,24,M1,True
AH_DVD,24,M2,True
AH_DVD,24,M3,True
AH_DVD,24,M4,True
AH_DVD,24,M5,True
AH_DVD,24,M6,True
AH_DVD,24,M7,True
AH_DVD,24,M8,True
AH_DVD,24,M9,True
AH_DVD,25,M1,True
AH_DVD,25,M2,True
AH_DVD,25,M3,False
AH_DVD,25,M4,True
AH_DVD,25,M5,False
AH_DVD,25,M6,True
AH_DVD,25,M7,True
AH_DVD,25,M8,True
AH_DVD,25,M9,True
AH_DVD,26,M1,True
AH_DVD,26,M2,True
AH_DVD,26,M3,True
AH_DVD,26,M4,True
AH_DVD,26,M5,True
AH_DVD,26,M6,True
AH_DVD,26,M7,True
AH_DVD,26,M8,False
AH_DVD,26,M9,False
AH_DVD,27,M1,True
AH_DVD,27,M2,True
AH_DVD,27,M3,True
AH_DVD,27,M4,True
AH_DVD,27,M5,True
AH_DVD,27,M6,True
AH_DVD,27,M7,True
AH_DVD,27,M8,True
AH_DVD,27,M9,True
AH_DVD,29,M1,True
AH_DVD,29,M2,True
AH_DVD,29,M3,False
AH_DVD,29,M4,False
AH_DVD,29,M5,False
AH_DVD,29,M6,True
AH_DVD,29,M7,True
AH_DVD,29,M8,False
AH_DVD,29,M9,False
AH_DVD,30,M1,False
AH_DVD,30,M2,False
AH_DVD,30,M3,True
AH_DVD,30,M4,False
AH_DVD,30,M5,False
AH_DVD,30,M6,False
AH_DVD,30,M7,False
AH_DVD,30,M8,True
AH_DVD,30,M9,True
AH_DVD,31,M1,False
AH_DVD,31,M2,False
AH_DVD,31,M3,True
AH_DVD,31,M4,True
AH_DVD,31,M5,True
AH_DVD,31,M6,False
AH_DVD,31,M7,False
AH_DVD,31,M8,True
AH_DVD,31,M9,True
AH_DVD,32,M1,False
AH_DVD,32,M2,True
AH_DVD,32,M3,False
AH_DVD,32,M4,True
AH_DVD,32,M5,False
AH_DVD,32,M6,True
AH_DVD,32,M7,False
AH_DVD,32,M8,True
AH_DVD,32,M9,True
AH_DVD,33,M1,True
AH_DVD,33,M2,False
AH_DVD,33,M3,True
AH_DVD,33,M4,True
AH_DVD,33,M5,False
AH_DVD,33,M6,False
AH_DVD,33,M7,True
AH_DVD,33,M8,False
AH_DVD,33,M9,True
AH_DVD,34,M1,False
AH_DVD,34,M2,False
AH_DVD,34,M3,False
AH_DVD,34,M4,True
AH_DVD,34,M5,True
AH_DVD,34,M6,False
AH_DVD,34,M7,True
AH_DVD,34,M8,True
AH_DVD,34,M9,False
AH_DVD,35,M1,True
AH_DVD,35,M2,False
AH_DVD,35,M3,False
AH_DVD,35,M4,True
AH_DVD,35,M5,True
AH_DVD,35,M6,True
AH_DVD,35,M7,True
AH_DVD,35,M8,False
AH_DVD,35,M9,True
AH_DVD,36,M1,True
AH_DVD,36,M2,True
AH_DVD,36,M3,False
AH_DVD,36,M4,False
AH_DVD,36,M5,False
AH_DVD,36,M6,False
AH_DVD,36,M7,False
AH_DVD,36,M8,True
AH_DVD,36,M9,True
AH_DVD,37,M1,True
AH_DVD,37,M2,False
AH_DVD,37,M3,True
AH_DVD,37,M4,True
AH_DVD,37,M5,True
AH_DVD,37,M6,True
AH_DVD,37,M7,True
AH_DVD,37,M8,True
AH_DVD,37,M9,True
AH_CTN,1,M1,False
AH_CTN,1,M2,False
AH_CTN,1,M3,True
AH_CTN,1,M4,True
AH_CTN,1,M5,True
AH_CTN,1,M6,False
AH_CTN,1,M7,True
AH_CTN,1,M8,False
AH_CTN,1,M9,True
AH_CTN,2,M1,True
AH_CTN,2,M2,True
AH_CTN,2,M3,False
AH_CTN,2,M4,True
AH_CTN,2,M5,False
AH_CTN,2,M6,False
AH_CTN,2,M7,True
AH_CTN,2,M8,True
AH_CTN,2,M9,True
AH_CTN,3,M1,False
AH_CTN,3,M2,False
AH_CTN,3,M3,False
AH_CTN,3,M4,True
AH_CTN,3,M5,False
AH_CTN,3,M6,False
AH_CTN,3,M7,True
AH_CTN,3,M8,True
AH_CTN,3,M9,True
AH_CTN,4,M1,False
AH_CTN,4,M2,False
AH_CTN,4,M3,True
AH_CTN,4,M4,True
AH_CTN,4,M5,True
AH_CTN,4,M6,False
AH_CTN,4,M7,True
AH_CTN,4,M8,True
AH_CTN,4,M9,True
AH_CTN,5,M1,False
AH_CTN,5,M2,False
AH_CTN,5,M3,True
AH_CTN,5,M4,False
AH_CTN,5,M5,False
AH_CTN,5,M6,False
AH_CTN,5,M7,True
AH_CTN,5,M8,True
AH_CTN,5,M9,True
AH_CTN,6,M1,False
AH_CTN,6,M2,False
AH_CTN,6,M3,True
AH_CTN,6,M4,True
AH_CTN,6,M5,True
AH_CTN,6,M6,False
AH_CTN,6,M7,False
AH_CTN,6,M8,True
AH_CTN,6,M9,True
AH_CTN,7,M1,False
AH_CTN,7,M2,False
AH_CTN,7,M3,True
AH_CTN,7,M4,True
AH_CTN,7,M5,True
AH_CTN,7,M6,False
AH_CTN,7,M7,False
AH_CTN,7,M8,False
AH_CTN,7,M9,True
AH_CTN,8,M1,True
AH_CTN,8,M2,True
AH_CTN,8,M3,False
AH_CTN,8,M4,False
AH_CTN,8,M5,True
AH_CTN,8,M6,True
AH_CTN,8,M7,False
AH_CTN,8,M8,True
AH_CTN,8,M9,False
AH_CTN,9,M1,False
AH_CTN,9,M2,False
AH_CTN,9,M3,False
AH_CTN,9,M4,True
AH_CTN,9,M5,True
AH_CTN,9,M6,False
AH_CTN,9,M7,False
AH_CTN,9,M8,False
AH_CTN,9,M9,True
AH_CTN,10,M1,True
AH_CTN,10,M2,True
AH_CTN,10,M3,True
AH_CTN,10,M4,False
AH_CTN,10,M5,False
AH_CTN,10,M6,True
AH_CTN,10,M7,True
AH_CTN,10,M8,True
AH_CTN,10,M9,True
AH_CTN,11,M1,False
AH_CTN,11,M2,False
AH_CTN,11,M3,False
AH_CTN,11,M4,False
AH_CTN,11,M5,False
AH_CTN,11,M6,False
AH_CTN,11,M7,True
AH_CTN,11,M8,True
AH_CTN,11,M9,True
AH_CTN,12,M1,False
AH_CTN,12,M2,False
AH_CTN,12,M3,True
AH_CTN,12,M4,True
AH_CTN,12,M5,True
AH_CTN,12,M6,False
AH_CTN,12,M7,False
AH_CTN,12,M8,False
AH_CTN,12,M9,False
AH_CTN,13,M1,True
AH_CTN,13,M2,True
AH_CTN,13,M3,False
AH_CTN,13,M4,True
AH_CTN,13,M5,False
AH_CTN,13,M6,False
AH_CTN,13,M7,True
AH_CTN,13,M8,False
AH_CTN,13,M9,False
AH_CTN,14,M1,False
AH_CTN,14,M2,False
AH_CTN,14,M3,False
AH_CTN,14,M4,True
AH_CTN,14,M5,True
AH_CTN,14,M6,True
AH_CTN,14,M7,True
AH_CTN,14,M8,True
AH_CTN,14,M9,True
AH_CTN,15,M1,False
AH_CTN,15,M2,False
AH_CTN,15,M3,True
AH_CTN,15,M4,False
AH_CTN,15,M5,True
AH_CTN,15,M6,False
AH_CTN,15,M7,True
AH_CTN,15,M8,False
AH_CTN,15,M9,False
AH_CTN,16,M1,True
AH_CTN,16,M2,True
AH_CTN,16,M3,True
AH_CTN,16,M4,True
AH_CTN,16,M5,False
AH_CTN,16,M6,True
AH_CTN,16,M7,False
AH_CTN,16,M8,False
AH_CTN,16,M9,False
AH_CTN,17,M1,False
AH_CTN,17,M2,False
AH_CTN,17,M3,False
AH_CTN,17,M4,True
AH_CTN,17,M5,True
AH_CTN,17,M6,False
AH_CTN,17,M7,True
AH_CTN,17,M8,True
AH_CTN,17,M9,True
AH_CTN,18,M1,True
AH_CTN,18,M2,True
AH_CTN,18,M3,True
AH_CTN,18,M4,True
AH_CTN,18,M5,True
AH_CTN,18,M6,True
AH_CTN,18,M7,True
AH_CTN,18,M8,True
AH_CTN,18,M9,True
AH_CTN,19,M1,True
AH_CTN,19,M2,True
AH_CTN,19,M3,False
AH_CTN,19,M4,True
AH_CTN,19,M5,False
AH_CTN,19,M6,True
AH_CTN,19,M7,True
AH_CTN,19,M8,False
AH_CTN,19,M9,False
AH_CTN,20,M1,True
AH_CTN,20,M2,False
AH_CTN,20,M3,False
AH_CTN,20,M4,True
AH_CTN,20,M5,False
AH_CTN,20,M6,False
AH_CTN,20,M7,True
AH_CTN,20,M8,True
AH_CTN,20,M9,True
AH_CTN,21,M1,False
AH_CTN,21,M2,False
AH_CTN,21,M3,False
AH_CTN,21,M4,True
AH_CTN,21,M5,False
AH_CTN,21,M6,False
AH_CTN,21,M7,True
AH_CTN,21,M8,True
AH_CTN,21,M9,True
AH_CTN,22,M1,True
AH_CTN,22,M2,True
AH_CTN,22,M3,False
AH_CTN,22,M4,True
AH_CTN,22,M5,False
AH_CTN,22,M6,True
AH_CTN,22,M7,True
AH_CTN,22,M8,True
AH_CTN,22,M9,True
AH_CTN,23,M1,False
AH_CTN,23,M2,False
AH_CTN,23,M3,False
AH_CTN,23,M4,True
AH_CTN,23,M5,True
AH_CTN,23,M6,False
AH_CTN,23,M7,False
AH_CTN,23,M8,True
AH_CTN,23,M9,False
AH_CTN,24,M1,False
AH_CTN,24,M2,False
AH_CTN,24,M3,False
AH_CTN,24,M4,True
AH_CTN,24,M5,False
AH_CTN,24,M6,True
AH_CTN,24,M7,False
AH_CTN,24,M8,False
AH_CTN,24,M9,False
AH_CTN,25,M1,False
AH_CTN,25,M2,False
AH_CTN,25,M3,False
AH_CTN,25,M4,False
AH_CTN,25,M5,True
AH_CTN,25,M6,False
AH_CTN,25,M7,True
AH_CTN,25,M8,True
AH_CTN,25,M9,True
AH_CTN,26,M1,True
AH_CTN,26,M2,True
AH_CTN,26,M3,False
AH_CTN,26,M4,True
AH_CTN,26,M5,False
AH_CTN,26,M6,True
AH_CTN,26,M7,True
AH_CTN,26,M8,True
AH_CTN,26,M9,False
AH_CTN,27,M1,False
AH_CTN,27,M2,False
AH_CTN,27,M3,False
AH_CTN,27,M4,True
AH_CTN,27,M5,True
AH_CTN,27,M6,False
AH_CTN,27,M7,True
AH_CTN,27,M8,True
AH_CTN,27,M9,True
AH_CTN,28,M1,True
AH_CTN,28,M2,True
AH_CTN,28,M3,True
AH_CTN,28,M4,True
AH_CTN,28,M5,True
AH_CTN,28,M6,True
AH_CTN,28,M7,True
AH_CTN,28,M8,True
AH_CTN,28,M9,True
AH_CTN,29,M1,True
AH_CTN,29,M2,True
AH_CTN,29,M3,True
AH_CTN,29,M4,True
AH_CTN,29,M5,True
AH_CTN,29,M6,True
AH_CTN,29,M7,True
AH_CTN,29,M8,True
AH_CTN,29,M9,True
AH_CTN,30,M1,False
AH_CTN,30,M2,False
AH_CTN,30,M3,False
AH_CTN,30,M4,True
AH_CTN,30,M5,True
AH_CTN,30,M6,False
AH_CTN,30,M7,True
AH_CTN,30,M8,True
AH_CTN,30,M9,False
AH_CTN,31,M1,False
AH_CTN,31,M2,False
AH_CTN,31,M3,False
AH_CTN,31,M4,False
AH_CTN,31,M5,True
AH_CTN,31,M6,False
AH_CTN,31,M7,True
AH_CTN,31,M8,True
AH_CTN,31,M9,False
AH_CTN,32,M1,True
AH_CTN,32,M2,True
AH_CTN,32,M3,True
AH_CTN,32,M4,False
AH_CTN,32,M5,False
AH_CTN,32,M6,True
AH_CTN,32,M7,False
AH_CTN,32,M8,False
AH_CTN,32,M9,False
AH_CTN,33,M1,True
AH_CTN,33,M2,True
AH_CTN,33,M3,True
AH_CTN,33,M4,False
AH_CTN,33,M5,False
AH_CTN,33,M6,True
AH_CTN,33,M7,True
AH_CTN,33,M8,False
AH_CTN,33,M9,False
AH_CTN,34,M1,True
AH_CTN,34,M2,True
AH_CTN,34,M3,True
AH_CTN,34,M4,True
AH_CTN,34,M5,True
AH_CTN,34,M6,True
AH_CTN,34,M7,True
AH_CTN,34,M8,True
AH_CTN,34,M9,True
AH_CTN,35,M1,False
AH_CTN,35,M2,False
AH_CTN,35,M3,True
AH_CTN,35,M4,True
AH_CTN,35,M5,True
AH_CTN,35,M6,False
AH_CTN,35,M7,False
AH_CTN,35,M8,True
AH_CTN,35,M9,True
AH_CTN,36,M1,False
AH_CTN,36,M2,False
AH_CTN,36,M3,False
AH_CTN,36,M4,False
AH_CTN,36,M5,True
AH_CTN,36,M6,False
AH_CTN,36,M7,False
AH_CTN,36,M8,True
AH_CTN,36,M9,False
AH_CTN,37,M1,False
AH_CTN,37,M2,False
AH_CTN,37,M3,True
AH_CTN,37,M4,False
AH_CTN,37,M5,False
AH_CTN,37,M6,False
AH_CTN,37,M7,True
AH_CTN,37,M8,False
AH_CTN,37,M9,True
AH_CTN,38,M1,False
AH_CTN,38,M2,False
AH_CTN,38,M3,False
AH_CTN,38,M4,True
AH_CTN,38,M5,False
AH_CTN,38,M6,False
AH_CTN,38,M7,True
AH_CTN,38,M8,True
AH_CTN,38,M9,True
AH_CTN,39,M1,False
AH_CTN,39,M2,False
AH_CTN,39,M3,False
AH_CTN,39,M4,True
AH_CTN,39,M5,False
AH_CTN,39,M6,False
AH_CTN,39,M7,False
AH_CTN,39,M8,True
AH_CTN,39,M9,False
AH_CTN,40,M1,False
AH_CTN,40,M2,False
AH_CTN,40,M3,False
AH_CTN,40,M4,False
AH_CTN,40,M5,False
AH_CTN,40,M6,False
AH_CTN,40,M7,True
AH_CTN,40,M8,False
AH_CTN,40,M9,True
AH_CTN,41,M1,True
AH_CTN,41,M2,False
AH_CTN,41,M3,False
AH_CTN,41,M4,True
AH_CTN,41,M5,True
AH_CTN,41,M6,False
AH_CTN,41,M7,True
AH_CTN,41,M8,False
AH_CTN,41,M9,False
AH_CTN,42,M1,False
AH_CTN,42,M2,True
AH_CTN,42,M3,True
AH_CTN,42,M4,False
AH_CTN,42,M5,False
AH_CTN,42,M6,False
AH_CTN,42,M7,True
AH_CTN,42,M8,False
AH_CTN,42,M9,False
AH_CTN,43,M1,True
AH_CTN,43,M2,True
AH_CTN,43,M3,True
AH_CTN,43,M4,False
AH_CTN,43,M5,True
AH_CTN,43,M6,False
AH_CTN,43,M7,False
AH_CTN,43,M8,False
AH_CTN,43,M9,False
AH_CTN,44,M1,False
AH_CTN,44,M2,False
AH_CTN,44,M3,False
AH_CTN,44,M4,False
AH_CTN,44,M5,False
AH_CTN,44,M6,False
AH_CTN,44,M7,False
AH_CTN,44,M8,True
AH_CTN,44,M9,True
AH_CTN,45,M1,False
AH_CTN,45,M2,False
AH_CTN,45,M3,True
AH_CTN,45,M4,True
AH_CTN,45,M5,False
AH_CTN,45,M6,False
AH_CTN,45,M7,True
AH_CTN,45,M8,False
AH_CTN,45,M9,False
AH_CTN,46,M1,False
AH_CTN,46,M2,True
AH_CTN,46,M3,False
AH_CTN,46,M4,False
AH_CTN,46,M5,True
AH_CTN,46,M6,False
AH_CTN,46,M7,False
AH_CTN,46,M8,True
AH_CTN,46,M9,False
AH_CTN,47,M1,True
AH_CTN,47,M2,True
AH_CTN,47,M3,True
AH_CTN,47,M4,True
AH_CTN,47,M5,True
AH_CTN,47,M6,True
AH_CTN,47,M7,True
AH_CTN,47,M8,True
AH_CTN,47,M9,True
AH_CTN,48,M1,False
AH_CTN,48,M2,False
AH_CTN,48,M3,True
AH_CTN,48,M4,True
AH_CTN,48,M5,False
AH_CTN,48,M6,False
AH_CTN,48,M7,False
AH_CTN,48,M8,False
AH_CTN,48,M9,False
AH_CTN,49,M1,False
AH_CTN,49,M2,True
AH_CTN,49,M3,True
AH_CTN,49,M4,False
AH_CTN,49,M5,True
AH_CTN,49,M6,False
AH_CTN,49,M7,False
AH_CTN,49,M8,False
AH_CTN,49,M9,False
AH_CTN,50,M1,True
AH_CTN,50,M2,True
AH_CTN,50,M3,False
AH_CTN,50,M4,True
AH_CTN,50,M5,False
AH_CTN,50,M6,True
AH_CTN,50,M7,True
AH_CTN,50,M8,True
AH_CTN,50,M9,False
AH_CTN,51,M1,True
AH_CTN,51,M2,False
AH_CTN,51,M3,True
AH_CTN,51,M4,False
AH_CTN,51,M5,True
AH_CTN,51,M6,False
AH_CTN,51,M7,True
AH_CTN,51,M8,False
AH_CTN,51,M9,False
AH_CTN,52,M1,False
AH_CTN,52,M2,True
AH_CTN,52,M3,False
AH_CTN,52,M4,True
AH_CTN,52,M5,True
AH_CTN,52,M6,True
AH_CTN,52,M7,False
AH_CTN,52,M8,False
AH_CTN,52,M9,True
AH_CTN,53,M1,True
AH_CTN,53,M2,True
AH_CTN,53,M3,True
AH_CTN,53,M4,True
AH_CTN,53,M5,True
AH_CTN,53,M6,True
AH_CTN,53,M7,True
AH_CTN,53,M8,True
AH_CTN,53,M9,True
AH_CTN,54,M1,True
AH_CTN,54,M2,True
AH_CTN,54,M3,False
AH_CTN,54,M4,True
AH_CTN,54,M5,True
AH_CTN,54,M6,True
AH_CTN,54,M7,False
AH_CTN,54,M8,False
AH_CTN,54,M9,True
AH_CTN,55,M1,True
AH_CTN,55,M2,False
AH_CTN,55,M3,True
AH_CTN,55,M4,True
AH_CTN,55,M5,True
AH_CTN,55,M6,False
AH_CTN,55,M7,True
AH_CTN,55,M8,False
AH_CTN,55,M9,True
AH_CTN,56,M1,False
AH_CTN,56,M2,True
AH_CTN,56,M3,True
AH_CTN,56,M4,False
AH_CTN,56,M5,True
AH_CTN,56,M6,True
AH_CTN,56,M7,True
AH_CTN,56,M8,True
AH_CTN,56,M9,False
AH_CTN,57,M1,False
AH_CTN,57,M2,True
AH_CTN,57,M3,False
AH_CTN,57,M4,True
AH_CTN,57,M5,False
AH_CTN,57,M6,True
AH_CTN,57,M7,True
AH_CTN,57,M8,True
AH_CTN,57,M9,True
AH_CTN,58,M1,True
AH_CTN,58,M2,False
AH_CTN,58,M3,True
AH_CTN,58,M4,True
AH_CTN,58,M5,True
AH_CTN,58,M6,True
AH_CTN,58,M7,True
AH_CTN,58,M8,True
AH_CTN,58,M9,True
AH_CTN,59,M1,True
AH_CTN,59,M2,True
AH_CTN,59,M3,True
AH_CTN,59,M4,True
AH_CTN,59,M5,True
AH_CTN,59,M6,True
AH_CTN,59,M7,True
AH_CTN,59,M8,True
AH_CTN,59,M9,True
AH_CTN,60,M1,True
AH_CTN,60,M2,True
AH_CTN,60,M3,False
AH_CTN,60,M4,True
AH_CTN,60,M5,True
AH_CTN,60,M6,True
AH_CTN,60,M7,False
AH_CTN,60,M8,False
AH_CTN,60,M9,False
AH_CTN,61,M1,True
AH_CTN,61,M2,False
AH_CTN,61,M3,False
AH_CTN,61,M4,True
AH_CTN,61,M5,True
AH_CTN,61,M6,True
AH_CTN,61,M7,False
AH_CTN,61,M8,False
AH_CTN,61,M9,False
AH_CTN,62,M1,True
AH_CTN,62,M2,True
AH_CTN,62,M3,False
AH_CTN,62,M4,False
AH_CTN,62,M5,False
AH_CTN,62,M6,True
AH_CTN,62,M7,True
AH_CTN,62,M8,False
AH_CTN,62,M9,True
AH_CTN,63,M1,False
AH_CTN,63,M2,False
AH_CTN,63,M3,True
AH_CTN,63,M4,True
AH_CTN,63,M5,False
AH_CTN,63,M6,True
AH_CTN,63,M7,False
AH_CTN,63,M8,False
AH_CTN,63,M9,False
AH_CTN,64,M1,False
AH_CTN,64,M2,False
AH_CTN,64,M3,True
AH_CTN,64,M4,True
AH_CTN,64,M5,False
AH_CTN,64,M6,False
AH_CTN,64,M7,False
AH_CTN,64,M8,False
AH_CTN,64,M9,True
AH_CTN,65,M1,True
AH_CTN,65,M2,True
AH_CTN,65,M3,False
AH_CTN,65,M4,True
AH_CTN,65,M5,True
AH_CTN,65,M6,True
AH_CTN,65,M7,True
AH_CTN,65,M8,True
AH_CTN,65,M9,False
AH_CTN,66,M1,True
AH_CTN,66,M2,True
AH_CTN,66,M3,False
AH_CTN,66,M4,False
AH_CTN,66,M5,False
AH_CTN,66,M6,True
AH_CTN,66,M7,False
AH_CTN,66,M8,False
AH_CTN,66,M9,False
AH_CTN,67,M1,True
AH_CTN,67,M2,True
AH_CTN,67,M3,False
AH_CTN,67,M4,False
AH_CTN,67,M5,False
AH_CTN,67,M6,True
AH_CTN,67,M7,True
AH_CTN,67,M8,False
AH_CTN,67,M9,False
AH_CTN,68,M1,True
AH_CTN,68,M2,False
AH_CTN,68,M3,True
AH_CTN,68,M4,True
AH_CTN,68,M5,True
AH_CTN,68,M6,True
AH_CTN,68,M7,True
AH_CTN,69,M1,False
AH_CTN,69,M2,False
AH_CTN,69,M3,False
AH_CTN,69,M4,True
AH_CTN,69,M5,True
AH_CTN,69,M6,True
AH_CTN,69,M7,True
AH_CTN,69,M8,True
AH_CTN,69,M9,True
AH_CTN,70,M1,True
AH_CTN,70,M2,True
AH_CTN,70,M3,False
AH_CTN,70,M4,True
AH_CTN,70,M5,True
AH_CTN,70,M6,True
AH_CTN,70,M7,True
AH_CTN,70,M8,True
AH_CTN,70,M9,True
AH_CTN,71,M1,True
AH_CTN,71,M2,True
AH_CTN,71,M3,False
AH_CTN,71,M4,True
AH_CTN,71,M5,True
AH_CTN,71,M6,False
AH_CTN,71,M7,True
AH_CTN,71,M8,True
AH_CTN,71,M9,True
AH_CTN,72,M1,True
AH_CTN,72,M2,True
AH_CTN,72,M3,False
AH_CTN,72,M4,False
AH_CTN,72,M5,False
AH_CTN,72,M6,True
AH_CTN,72,M7,False
AH_CTN,72,M8,False
AH_CTN,72,M9,False
AH_CTN,73,M1,True
AH_CTN,73,M2,True
AH_CTN,73,M3,False
AH_CTN,73,M4,True
AH_CTN,73,M5,True
AH_CTN,73,M6,True
AH_CTN,73,M7,True
AH_CTN,73,M8,False
AH_CTN,73,M9,False
BH_DVD,1,M1,True
BH_DVD,1,M2,True
BH_DVD,1,M3,False
BH_DVD,1,M4,True
BH_DVD,1,M5,True
BH_DVD,1,M6,True
BH_DVD,1,M7,True
BH_DVD,2,M1,True
BH_DVD,2,M2,True
BH_DVD,2,M3,False
BH_DVD,2,M4,True
BH_DVD,2,M5,False
BH_DVD,2,M6,True
BH_DVD,2,M7,True
BH_DVD,3,M1,True
BH_DVD,3,M2,True
BH_DVD,3,M3,False
BH_DVD,3,M4,True
BH_DVD,3,M5,False
BH_DVD,3,M6,True
BH_DVD,3,M7,True
BH_DVD,4,M1,True
BH_DVD,4,M2,True
BH_DVD,4,M3,False
BH_DVD,4,M4,True
BH_DVD,4,M5,False
BH_DVD,4,M6,False
BH_DVD,4,M7,False
BH_DVD,5,M1,True
BH_DVD,5,M2,True
BH_DVD,5,M3,False
BH_DVD,5,M4,False
BH_DVD,5,M5,False
BH_DVD,5,M6,True
BH_DVD,5,M7,True
BH_DVD,6,M1,True
BH_DVD,6,M2,True
BH_DVD,6,M3,False
BH_DVD,6,M4,False
BH_DVD,6,M5,True
BH_DVD,6,M6,True
BH_DVD,6,M7,True
BH_DVD,7,M1,False
BH_DVD,7,M2,False
BH_DVD,7,M3,True
BH_DVD,7,M4,True
BH_DVD,7,M5,True
BH_DVD,7,M6,True
BH_DVD,7,M7,True
BH_DVD,8,M1,False
BH_DVD,8,M2,True
BH_DVD,8,M3,False
BH_DVD,8,M4,False
BH_DVD,8,M5,True
BH_DVD,8,M6,False
BH_DVD,8,M7,False
BH_DVD,9,M1,True
BH_DVD,9,M2,False
BH_DVD,9,M3,True
BH_DVD,9,M4,True
BH_DVD,9,M5,False
BH_DVD,9,M6,False
BH_DVD,9,M7,False
BH_DVD,10,M1,False
BH_DVD,10,M2,False
BH_DVD,10,M3,True
BH_DVD,10,M4,True
BH_DVD,10,M5,True
BH_DVD,10,M6,False
BH_DVD,10,M7,True
BH_DVD,11,M1,True
BH_DVD,11,M2,True
BH_DVD,11,M3,True
BH_DVD,11,M4,False
BH_DVD,11,M5,False
BH_DVD,11,M6,True
BH_DVD,11,M7,True
BH_DVD,12,M1,True
BH_DVD,12,M2,False
BH_DVD,12,M3,True
BH_DVD,12,M4,True
BH_DVD,12,M5,True
BH_DVD,12,M6,True
BH_DVD,12,M7,True
BH_DVD,13,M1,False
BH_DVD,13,M2,True
BH_DVD,13,M3,False
BH_DVD,13,M4,True
BH_DVD,13,M5,False
BH_DVD,13,M6,True
BH_DVD,13,M7,True
BH_DVD,14,M1,True
BH_DVD,14,M2,False
BH_DVD,14,M3,True
BH_DVD,14,M4,False
BH_DVD,14,M5,True
BH_DVD,14,M6,False
BH_DVD,14,M7,True
BH_DVD,15,M1,True
BH_DVD,15,M2,True
BH_DVD,15,M3,False
BH_DVD,15,M4,True
BH_DVD,15,M5,False
BH_DVD,15,M6,True
BH_DVD,15,M7,False
BH_DVD,16,M1,True
BH_DVD,16,M2,True
BH_DVD,16,M3,False
BH_DVD,16,M4,False
BH_DVD,16,M5,True
BH_DVD,16,M6,False
BH_DVD,16,M7,True
BH_DVD,17,M1,True
BH_DVD,17,M2,True
BH_DVD,17,M3,True
BH_DVD,17,M4,True
BH_DVD,17,M5,True
BH_DVD,17,M6,True
BH_DVD,17,M7,True
BH_DVD,18,M1,True
BH_DVD,18,M2,True
BH_DVD,18,M3,False
BH_DVD,18,M4,True
BH_DVD,18,M5,False
BH_DVD,18,M6,True
BH_DVD,18,M7,True
BH_DVD,19,M1,True
BH_DVD,19,M2,True
BH_DVD,19,M3,True
BH_DVD,19,M4,True
BH_DVD,19,M5,True
BH_DVD,19,M6,True
BH_DVD,19,M7,True
BH_DVD,20,M1,True
BH_DVD,20,M2,True
BH_DVD,20,M3,True
BH_DVD,20,M4,True
BH_DVD,20,M5,True
BH_DVD,20,M6,True
BH_DVD,20,M7,True
BH_DVD,21,M1,True
BH_DVD,21,M2,True
BH_DVD,21,M3,False
BH_DVD,21,M4,False
BH_DVD,21,M5,False
BH_DVD,21,M6,True
BH_DVD,21,M7,True
BH_DVD,22,M1,False
BH_DVD,22,M2,False
BH_DVD,22,M3,True
BH_DVD,22,M4,False
BH_DVD,22,M5,False
BH_DVD,22,M6,False
BH_DVD,22,M7,False
BH_DVD,23,M1,True
BH_DVD,23,M2,False
BH_DVD,23,M3,True
BH_DVD,23,M4,True
BH_DVD,23,M5,False
BH_DVD,23,M6,False
BH_DVD,23,M7,True
BH_DVD,24,M1,False
BH_DVD,24,M2,False
BH_DVD,24,M3,False
BH_DVD,24,M4,True
BH_DVD,24,M5,True
BH_DVD,24,M6,False
BH_DVD,24,M7,True
BH_DVD,25,M1,False
BH_DVD,25,M2,False
BH_DVD,25,M3,True
BH_DVD,25,M4,True
BH_DVD,25,M5,True
BH_DVD,25,M6,False
BH_DVD,25,M7,True
BH_DVD,26,M1,True
BH_DVD,26,M2,True
BH_DVD,26,M3,False
BH_DVD,26,M4,True
BH_DVD,26,M5,False
BH_DVD,26,M6,False
BH_DVD,26,M7,True
BH_DVD,27,M1,False
BH_DVD,27,M2,False
BH_DVD,27,M3,False
BH_DVD,27,M4,True
BH_DVD,27,M5,False
BH_DVD,27,M6,False
BH_DVD,27,M7,True
BH_DVD,28,M1,False
BH_DVD,28,M2,False
BH_DVD,28,M3,True
BH_DVD,28,M4,True
BH_DVD,28,M5,True
BH_DVD,28,M6,False
BH_DVD,28,M7,True
BH_DVD,29,M1,False
BH_DVD,29,M2,False
BH_DVD,29,M3,True
BH_DVD,29,M4,False
BH_DVD,29,M5,False
BH_DVD,29,M6,False
BH_DVD,29,M7,True
BH_DVD,30,M1,False
BH_DVD,30,M2,False
BH_DVD,30,M3,True
BH_DVD,30,M4,True
BH_DVD,30,M5,True
BH_DVD,30,M6,False
BH_DVD,30,M7,False
BH_DVD,31,M1,True
BH_DVD,31,M2,True
BH_DVD,31,M3,False
BH_DVD,31,M4,False
BH_DVD,31,M5,True
BH_DVD,31,M6,True
BH_DVD,31,M7,False
BH_DVD,32,M1,False
BH_DVD,32,M2,False
BH_DVD,32,M3,True
BH_DVD,32,M4,False
BH_DVD,32,M5,True
BH_DVD,32,M6,False
BH_DVD,32,M7,True
BH_DVD,33,M1,True
BH_DVD,33,M2,True
BH_DVD,33,M3,True
BH_DVD,33,M4,True
BH_DVD,33,M5,False
BH_DVD,33,M6,True
BH_DVD,33,M7,False
BH_DVD,34,M1,True
BH_DVD,34,M2,True
BH_DVD,34,M3,True
BH_DVD,34,M4,True
BH_DVD,34,M5,True
BH_DVD,34,M6,True
BH_DVD,34,M7,True
BH_DVD,35,M1,True
BH_DVD,35,M2,True
BH_DVD,35,M3,False
BH_DVD,35,M4,True
BH_DVD,35,M5,False
BH_DVD,35,M6,True
BH_DVD,35,M7,True
BH_DVD,36,M1,True
BH_DVD,36,M2,False
BH_DVD,36,M3,False
BH_DVD,36,M4,True
BH_DVD,36,M5,False
BH_DVD,36,M6,False
BH_DVD,36,M7,True
BH_DVD,37,M1,False
BH_DVD,37,M2,False
BH_DVD,37,M3,False
BH_DVD,37,M4,True
BH_DVD,37,M5,False
BH_DVD,37,M6,False
BH_DVD,37,M7,True
BH_DVD,38,M1,True
BH_DVD,38,M2,True
BH_DVD,38,M3,False
BH_DVD,38,M4,True
BH_DVD,38,M5,False
BH_DVD,38,M6,True
BH_DVD,38,M7,True
BH_DVD,39,M1,False
BH_DVD,39,M2,False
BH_DVD,39,M3,False
BH_DVD,39,M4,True
BH_DVD,39,M5,True
BH_DVD,39,M6,False
BH_DVD,39,M7,False
BH_DVD,40,M1,False
BH_DVD,40,M2,False
BH_DVD,40,M3,False
BH_DVD,40,M4,True
BH_DVD,40,M5,False
BH_DVD,40,M6,True
BH_DVD,40,M7,False
BH_DVD,41,M1,False
BH_DVD,41,M2,False
BH_DVD,41,M3,False
BH_DVD,41,M4,False
BH_DVD,41,M5,True
BH_DVD,41,M6,False
BH_DVD,41,M7,True
BH_DVD,42,M1,True
BH_DVD,42,M2,True
BH_DVD,42,M3,False
BH_DVD,42,M4,True
BH_DVD,42,M5,False
BH_DVD,42,M6,True
BH_DVD,42,M7,True
BH_DVD,43,M1,False
BH_DVD,43,M2,False
BH_DVD,43,M3,False
BH_DVD,43,M4,True
BH_DVD,43,M5,True
BH_DVD,43,M6,False
BH_DVD,43,M7,True
BH_DVD,44,M1,True
BH_DVD,44,M2,True
BH_DVD,44,M3,True
BH_DVD,44,M4,True
BH_DVD,44,M5,True
BH_DVD,44,M6,True
BH_DVD,44,M7,True
BH_DVD,45,M1,True
BH_DVD,45,M2,True
BH_DVD,45,M3,True
BH_DVD,45,M4,True
BH_DVD,45,M5,True
BH_DVD,45,M6,True
BH_DVD,45,M7,True
BH_DVD,46,M1,True
BH_DVD,46,M2,True
BH_DVD,46,M3,True
BH_DVD,46,M4,False
BH_DVD,46,M5,False
BH_DVD,46,M6,True
BH_DVD,46,M7,False
BH_DVD,47,M1,True
BH_DVD,47,M2,True
BH_DVD,47,M3,True
BH_DVD,47,M4,False
BH_DVD,47,M5,False
BH_DVD,47,M6,True
BH_DVD,47,M7,True
BH_DVD,48,M1,True
BH_DVD,48,M2,True
BH_DVD,48,M3,True
BH_DVD,48,M4,True
BH_DVD,48,M5,True
BH_DVD,48,M6,True
BH_DVD,48,M7,True
BH_DVD,49,M1,True
BH_DVD,49,M2,True
BH_DVD,49,M3,False
BH_DVD,49,M4,True
BH_DVD,49,M5,False
BH_DVD,49,M6,True
BH_DVD,49,M7,True
BH_DVD,50,M1,True
BH_DVD,50,M2,False
BH_DVD,50,M3,True
BH_DVD,50,M4,False
BH_DVD,50,M5,True
BH_DVD,50,M6,False
BH_DVD,50,M7,True
BH_DVD,51,M1,False
BH_DVD,51,M2,True
BH_DVD,51,M3,False
BH_DVD,51,M4,True
BH_DVD,51,M5,True
BH_DVD,51,M6,True
BH_DVD,51,M7,False
BH_DVD,52,M1,True
BH_DVD,52,M2,True
BH_DVD,52,M3,True
BH_DVD,52,M4,True
BH_DVD,52,M5,True
BH_DVD,52,M6,True
BH_DVD,52,M7,True
BH_DVD,53,M1,True
BH_DVD,53,M2,True
BH_DVD,53,M3,False
BH_DVD,53,M4,True
BH_DVD,53,M5,True
BH_DVD,53,M6,True
BH_DVD,53,M7,False
BH_DVD,54,M1,True
BH_DVD,54,M2,False
BH_DVD,54,M3,True
BH_DVD,54,M4,True
BH_DVD,54,M5,True
BH_DVD,54,M6,False
BH_DVD,54,M7,True
BH_DVD,55,M1,False
BH_DVD,55,M2,True
BH_DVD,55,M3,True
BH_DVD,55,M4,False
BH_DVD,55,M5,True
BH_DVD,55,M6,True
BH_DVD,55,M7,True
BH_DVD,56,M1,False
BH_DVD,56,M2,True
BH_DVD,56,M3,False
BH_DVD,56,M4,True
BH_DVD,56,M5,False
BH_DVD,56,M6,True
BH_DVD,56,M7,True
BH_DVD,57,M1,True
BH_DVD,57,M2,False
BH_DVD,57,M3,True
BH_DVD,57,M4,True
BH_DVD,57,M5,True
BH_DVD,57,M6,True
BH_DVD,57,M7,True
BH_DVD,58,M1,True
BH_DVD,58,M2,True
BH_DVD,58,M3,True
BH_DVD,58,M4,True
BH_DVD,58,M5,True
BH_DVD,58,M6,True
BH_DVD,58,M7,True
BH_DVD,59,M1,True
BH_DVD,59,M2,False
BH_DVD,59,M3,False
BH_DVD,59,M4,True
BH_DVD,59,M5,True
BH_DVD,59,M6,True
BH_DVD,59,M7,False
BH_DVD,60,M1,True
BH_DVD,60,M2,True
BH_DVD,60,M3,False
BH_DVD,60,M4,False
BH_DVD,60,M5,False
BH_DVD,60,M6,True
BH_DVD,60,M7,True
BH_DVD,61,M1,False
BH_DVD,61,M2,False
BH_DVD,61,M3,True
BH_DVD,61,M4,True
BH_DVD,61,M5,False
BH_DVD,61,M6,True
BH_DVD,61,M7,False
BH_DVD,62,M1,False
BH_DVD,62,M2,False
BH_DVD,62,M3,True
BH_DVD,62,M4,True
BH_DVD,62,M5,False
BH_DVD,62,M6,False
BH_DVD,62,M7,False
BH_DVD,63,M1,True
BH_DVD,63,M2,True
BH_DVD,63,M3,False
BH_DVD,63,M4,True
BH_DVD,63,M5,True
BH_DVD,63,M6,True
BH_DVD,63,M7,True
BH_DVD,64,M1,True
BH_DVD,64,M2,True
BH_DVD,64,M3,False
BH_DVD,64,M4,False
BH_DVD,64,M5,False
BH_DVD,64,M6,True
BH_DVD,64,M7,False
BH_DVD,65,M1,True
BH_DVD,65,M2,True
BH_DVD,65,M3,False
BH_DVD,65,M4,False
BH_DVD,65,M5,False
BH_DVD,65,M6,True
BH_DVD,65,M7,True
BH_DVD,66,M1,True
BH_DVD,66,M2,False
BH_DVD,66,M3,True
BH_DVD,66,M4,True
BH_DVD,66,M5,True
BH_DVD,66,M6,True
BH_DVD,66,M7,True
BH_DVD,67,M1,False
BH_DVD,67,M2,False
BH_DVD,67,M3,False
BH_DVD,67,M4,True
BH_DVD,67,M5,True
BH_DVD,67,M6,True
BH_DVD,67,M7,True
BH_DVD,68,M1,True
BH_DVD,68,M2,True
BH_DVD,68,M3,False
BH_DVD,68,M4,True
BH_DVD,68,M5,True
BH_DVD,68,M6,True
BH_DVD,68,M7,True
BH_DVD,69,M1,True
BH_DVD,69,M2,True
BH_DVD,69,M3,False
BH_DVD,69,M4,True
BH_DVD,69,M5,True
BH_DVD,69,M6,False
BH_DVD,69,M7,True
BH_DVD,70,M1,True
BH_DVD,70,M2,True
BH_DVD,70,M3,False
BH_DVD,70,M4,False
BH_DVD,70,M5,False
BH_DVD,70,M6,True
BH_DVD,70,M7,False
BH_DVD,71,M1,True
BH_DVD,71,M2,True
BH_DVD,71,M3,False
BH_DVD,71,M4,True
BH_DVD,71,M5,True
BH_DVD,71,M6,True
BH_DVD,71,M7,True
