source,waterbody,site,lat,lon,site_uid
AH_TVN,Hồ Ayun Hạ,M1,13.594611,108.255583,S001
AH_TVN,Hồ Ayun Hạ,M2,13.610333,108.259556,S002
AH_TVN,Hồ Ayun Hạ,M3,13.620667,108.272806,S003
AH_TVN,Hồ Ayun Hạ,M4,13.621639,108.251806,S004
AH_TVN,Hồ Ayun Hạ,M5,13.633556,108.231444,S005
AH_TVN,Hồ Ayun Hạ,M6,13.657639,108.231833,S006
AH_TVN,Hồ Ayun Hạ,M7,13.661028,108.224306,S007
AH_TVN,Hồ Ayun Hạ,M8,13.637417,108.219444,S008
AH_TVN,Hồ Ayun Hạ,M9,13.652972,108.213917,S009
AH_TVN,Hồ Ayun Hạ,M10,13.661194,108.204028,S010
AH_DVN,Hồ Ayun Hạ,M1,13.594611,108.255583,S001
AH_DVN,Hồ Ayun Hạ,M2,13.610333,108.259556,S002
AH_DVN,Hồ Ayun Hạ,M3,13.620667,108.272806,S003
AH_DVN,Hồ Ayun Hạ,M4,13.621639,108.251806,S004
AH_DVN,Hồ Ayun Hạ,M5,13.633556,108.231444,S005
AH_DVN,Hồ Ayun Hạ,M6,13.657639,108.231833,S006
AH_DVN,Hồ Ayun Hạ,M7,13.661028,108.224306,S007
AH_DVN,Hồ Ayun Hạ,M8,13.637417,108.219444,S008
AH_DVN,Hồ Ayun Hạ,M9,13.652972,108.213917,S009
AH_DVN,Hồ Ayun Hạ,M10,13.661194,108.204028,S010
AH_DVN,Hồ Ayun Hạ,M11,13.665111,108.21225,S011
AH_DVD,Hồ Ayun Hạ,M1,13.594194,108.254556,S001
AH_DVD,Hồ Ayun Hạ,M2,13.625806,108.279806,S012
AH_DVD,Hồ Ayun Hạ,M3,13.633306,108.211389,S013
AH_DVD,Hồ Ayun Hạ,M4,13.672583,108.246278,S014
AH_DVD,Hồ Ayun Hạ,M5,13.654639,108.189167,S015
AH_DVD,Hồ Ayun Hạ,M6,13.669444,108.229306,S016
AH_DVD,Hồ Ayun Hạ,M7,13.663361,108.1775,S017
AH_DVD,Hồ Ayun Hạ,M8,13.68325,108.213861,S018
AH_DVD,Hồ Ayun Hạ,M9,13.661528,108.136333,S019
AH_CA,Hồ Ayun Hạ,M1,13.594611,108.255583,S001
AH_CA,Hồ Ayun Hạ,M2,13.610333,108.259556,S002
AH_CA,Hồ Ayun Hạ,M4,13.621639,108.251806,S004
AH_CA,Hồ Ayun Hạ,M5,13.633556,108.231444,S005
AH_CA,Hồ Ayun Hạ,M6,13.657639,108.231833,S006
AH_CA,Hồ Ayun Hạ,M7,13.661028,108.224306,S007
AH_CA,Hồ Ayun Hạ,M8,13.637417,108.219444,S008
AH_CA,Hồ Ayun Hạ,M9,13.652972,108.213917,S009
AH_CA,Hồ Ayun Hạ,M10,13.661194,108.204028,S010
AH_CTN,Hồ Ayun Hạ,M1,13.594194,108.254556,S001
AH_CTN,Hồ Ayun Hạ,M2,13.625806,108.279806,S012
AH_CTN,Hồ Ayun Hạ,M3,13.633306,108.211389,S013
AH_CTN,Hồ Ayun Hạ,M4,13.672583,108.246278,S014
AH_CTN,Hồ Ayun Hạ,M5,13.654639,108.189167,S015
AH_CTN,Hồ Ayun Hạ,M6,13.669444,108.229306,S016
AH_CTN,Hồ Ayun Hạ,M7,13.663361,108.1775,S017
AH_CTN,Hồ Ayun Hạ,M8,13.68325,108.213861,S018
AH_CTN,Hồ Ayun Hạ,M9,13.661528,108.136333,S019
SESAN_CA,Sông Sê San,M1,14.216311,107.695156,S020
SESAN_CA,Sông Sê San,M2,14.063575,107.645614,S021
SESAN_CA,Sông Sê San,M3,13.967528,107.51135,S022
SESAN_CA,Sông Sê San,M4,13.967475,107.722564,S023
SESAN_CA,Sông Sê San,M5,13.959222,107.482575,S024
SESAN_CA,Sông Sê San,M6,13.899636,107.470686,S025
BH_DVD,Biển Hồ,M1,14.037664,107.997644,S026
BH_DVD,Biển Hồ,M2,14.046178,108.001714,S027
BH_DVD,Biển Hồ,M3,14.055653,108.001642,S028
BH_DVD,Biển Hồ,M4,14.071919,108.020825,S029
BH_DVD,Biển Hồ,M5,14.076739,108.027194,S030
BH_DVD,Biển Hồ,M6,14.057833,108.00435,S031
BH_DVD,Biển Hồ,M7,14.073611,108.015278,S032
