source,issue_type,n
source/AH_CA,family_conflict,7
source/AH_CA,misspelling,1
source/AH_CA,outdated_name,3
source/AH_CA,unresolved,1
source/AH_CTN,family_conflict,7
source/AH_CTN,homonym_resolved,6
source/AH_CTN,misspelling,2
source/AH_CTN,outdated_name,2
source/AH_CTN,unresolved,7
source/AH_DVD,family_conflict,10
source/AH_DVD,misspelling,2
source/AH_DVD,no_site_data,1
source/AH_DVD,outdated_name,3
source/AH_DVN,family_conflict,2
source/AH_DVN,homonym_resolved,1
source/AH_DVN,misspelling,3
source/AH_DVN,unresolved,1
source/AH_NL,outdated_name,2
source/AH_TVN,family_conflict,5
source/AH_TVN,homonym_resolved,3
source/AH_TVN,misspelling,1
source/AH_TVN,outdated_name,13
source/AH_TVN,unresolved,6
source/BH_DVD,family_conflict,10
source/BH_DVD,homonym_resolved,5
source/BH_DVD,misspelling,3
source/BH_DVD,outdated_name,2
source/BH_DVD,unresolved,2
source/IALY_CA,family_conflict,30
source/IALY_CA,misspelling,1
source/IALY_CA,outdated_name,3
source/SESAN_CA,family_conflict,13
source/SESAN_CA,outdated_name,2
source/SESAN_CA,unresolved,2
